-- MySQL dump 10.13  Distrib 8.0.18, for Win64 (x86_64)
--
-- Host: localhost    Database: mydb
-- ------------------------------------------------------
-- Server version	8.0.18

/*!40101 SET @OLD_CHARACTER_SET_CLIENT=@@CHARACTER_SET_CLIENT */;
/*!40101 SET @OLD_CHARACTER_SET_RESULTS=@@CHARACTER_SET_RESULTS */;
/*!40101 SET @OLD_COLLATION_CONNECTION=@@COLLATION_CONNECTION */;
/*!50503 SET NAMES utf8 */;
/*!40103 SET @OLD_TIME_ZONE=@@TIME_ZONE */;
/*!40103 SET TIME_ZONE='+00:00' */;
/*!40014 SET @OLD_UNIQUE_CHECKS=@@UNIQUE_CHECKS, UNIQUE_CHECKS=0 */;
/*!40014 SET @OLD_FOREIGN_KEY_CHECKS=@@FOREIGN_KEY_CHECKS, FOREIGN_KEY_CHECKS=0 */;
/*!40101 SET @OLD_SQL_MODE=@@SQL_MODE, SQL_MODE='NO_AUTO_VALUE_ON_ZERO' */;
/*!40111 SET @OLD_SQL_NOTES=@@SQL_NOTES, SQL_NOTES=0 */;

--
-- Table structure for table `atrativa`
--

DROP TABLE IF EXISTS `atrativa`;
/*!40101 SET @saved_cs_client     = @@character_set_client */;
/*!50503 SET character_set_client = utf8mb4 */;
CREATE TABLE `atrativa` (
  `id_atrativa` int(11) NOT NULL,
  `atrativa(100)` int(11) DEFAULT NULL,
  `atrativa(5)` int(11) DEFAULT NULL,
  `atrativa(nome)` varchar(45) DEFAULT NULL,
  PRIMARY KEY (`id_atrativa`)
) ENGINE=InnoDB DEFAULT CHARSET=utf8;
/*!40101 SET character_set_client = @saved_cs_client */;

--
-- Dumping data for table `atrativa`
--

LOCK TABLES `atrativa` WRITE;
/*!40000 ALTER TABLE `atrativa` DISABLE KEYS */;
INSERT INTO `atrativa` VALUES (500068801,80,4,'bom'),(500074372,60,3,'intermédio'),(500366039,100,5,'excelente'),(501551557,0,0,'na'),(501573704,75,4,'bom'),(501774360,74,4,'bom'),(501854371,100,5,'excelente'),(501968326,0,0,'na'),(502064200,0,1,'fugir'),(502186771,0,0,'na'),(502443855,57,3,'intermédio'),(502479418,54,3,'intermédio'),(502829257,64,4,'bom'),(502980826,50,3,'intermédio'),(503222364,33,2,'pouco '),(503412031,100,5,'excelente'),(503470120,33,2,'pouco '),(503502537,54,3,'intermédio'),(503541320,54,3,'intermédio'),(503670693,0,0,'na'),(503882887,66,4,'bom'),(503961175,0,0,'na'),(504079190,74,4,'bom'),(504150014,100,5,'excelente'),(504272179,47,3,'intermédio'),(504551221,66,4,'bom'),(504705610,66,4,'bom'),(504727060,80,4,'bom'),(504761013,0,0,'na'),(504825917,100,5,'excelente'),(504857312,74,4,'bom'),(505089971,0,0,'na'),(505107546,50,3,'intermédio'),(505116812,60,3,'intermédio'),(505128985,42,3,'intermédio'),(505187299,0,0,'na'),(505205939,0,1,'fugir'),(505350173,50,3,'intermédio'),(505377691,0,0,'na'),(506176142,33,2,'pouco '),(506204650,76,4,'bom'),(506305716,0,0,'na'),(506360237,80,4,'bom'),(506396010,34,2,'pouco '),(507058917,0,1,'fugir'),(507107381,63,4,'bom'),(507117336,0,1,'fugir'),(507246152,25,2,'pouco '),(507291727,50,3,'intermédio'),(507431073,45,3,'intermédio'),(507678672,0,0,'na'),(507969332,70,4,'bom'),(508069491,80,4,'bom'),(508123585,100,5,'excelente'),(508202531,50,3,'intermédio'),(508453488,70,4,'bom'),(508823617,83,5,'excelente'),(508966752,36,2,'pouco '),(509255310,100,5,'excelente'),(509364730,50,3,'intermédio'),(509834370,0,1,'fugir'),(510070833,75,4,'bom'),(510148301,91,5,'excelente'),(510303811,50,3,'intermédio'),(510336973,71,4,'bom'),(510480209,75,4,'bom'),(510722920,50,3,'intermédio'),(510728189,33,2,'pouco '),(510830536,65,4,'bom'),(510852254,100,5,'excelente'),(513063145,69,4,'bom'),(513199560,80,4,'bom'),(513266488,30,2,'pouco '),(513418210,50,3,'intermédio'),(513435344,0,1,'fugir'),(513945342,100,5,'excelente'),(514139927,76,4,'bom'),(980540488,0,0,'na'),(980566797,60,3,'intermédio'),(980595304,0,0,'na');
/*!40000 ALTER TABLE `atrativa` ENABLE KEYS */;
UNLOCK TABLES;

--
-- Table structure for table `auditora`
--

DROP TABLE IF EXISTS `auditora`;
/*!40101 SET @saved_cs_client     = @@character_set_client */;
/*!50503 SET character_set_client = utf8mb4 */;
CREATE TABLE `auditora` (
  `idAuditora` int(11) NOT NULL,
  `ano_auditora` year(4) DEFAULT NULL,
  `nome_auditora` varchar(200) DEFAULT NULL,
  PRIMARY KEY (`idAuditora`)
) ENGINE=InnoDB DEFAULT CHARSET=utf8;
/*!40101 SET character_set_client = @saved_cs_client */;

--
-- Dumping data for table `auditora`
--

LOCK TABLES `auditora` WRITE;
/*!40000 ALTER TABLE `auditora` DISABLE KEYS */;
/*!40000 ALTER TABLE `auditora` ENABLE KEYS */;
UNLOCK TABLES;

--
-- Table structure for table `avaliacao`
--

DROP TABLE IF EXISTS `avaliacao`;
/*!40101 SET @saved_cs_client     = @@character_set_client */;
/*!50503 SET character_set_client = utf8mb4 */;
CREATE TABLE `avaliacao` (
  `id_avaliacao` int(11) NOT NULL,
  `avaliacao(estrelas)` decimal(10,2) DEFAULT NULL,
  `avalicao(5)` int(11) DEFAULT NULL,
  `avalicao(nome)` varchar(45) DEFAULT NULL,
  PRIMARY KEY (`id_avaliacao`)
) ENGINE=InnoDB DEFAULT CHARSET=utf8;
/*!40101 SET character_set_client = @saved_cs_client */;

--
-- Dumping data for table `avaliacao`
--

LOCK TABLES `avaliacao` WRITE;
/*!40000 ALTER TABLE `avaliacao` DISABLE KEYS */;
INSERT INTO `avaliacao` VALUES (500068801,2.50,3,'intermédio'),(500074372,2.10,2,'pouco '),(500366039,2.20,2,'pouco '),(501551557,1.30,1,'fugir'),(501573704,3.30,3,'intermédio'),(501774360,2.50,3,'intermédio'),(501854371,3.40,3,'intermédio'),(501968326,0.00,0,'na'),(502064200,0.00,0,'fugir'),(502186771,0.00,0,'na'),(502443855,1.50,2,'pouco '),(502479418,1.70,2,'pouco '),(502829257,2.30,2,'pouco '),(502980826,2.50,3,'intermédio'),(503222364,2.10,2,'pouco '),(503412031,2.70,3,'intermédio'),(503470120,2.30,2,'pouco '),(503502537,1.70,2,'pouco '),(503541320,1.70,2,'pouco '),(503670693,0.00,0,'na'),(503882887,2.50,3,'intermédio'),(503961175,0.00,0,'na'),(504079190,2.50,3,'intermédio'),(504150014,2.30,2,'pouco '),(504272179,1.90,2,'pouco '),(504551221,2.10,2,'pouco '),(504705610,2.30,2,'pouco '),(504727060,0.00,0,'fugir'),(504761013,0.00,0,'na'),(504825917,2.90,3,'intermédio'),(504857312,2.50,3,'intermédio'),(505089971,3.80,4,'bom'),(505107546,3.40,3,'intermédio'),(505116812,2.10,2,'pouco '),(505128985,1.90,2,'pouco '),(505187299,0.00,0,'na'),(505205939,0.00,0,'fugir'),(505350173,1.70,2,'pouco '),(505377691,0.00,0,'na'),(506176142,2.10,2,'pouco '),(506204650,2.70,3,'intermédio'),(506305716,0.00,0,'na'),(506360237,2.50,3,'intermédio'),(506396010,1.70,2,'pouco '),(507058917,0.00,0,'na'),(507107381,2.70,3,'intermédio'),(507117336,2.70,3,'intermédio'),(507246152,2.10,2,'pouco '),(507291727,2.30,2,'pouco '),(507431073,1.90,2,'pouco '),(507678672,3.40,3,'intermédio'),(507969332,2.50,3,'intermédio'),(508069491,2.60,3,'intermédio'),(508123585,2.10,2,'pouco '),(508202531,0.00,0,'na'),(508453488,2.20,2,'pouco '),(508823617,2.30,2,'pouco '),(508966752,2.10,2,'pouco '),(509255310,2.30,2,'pouco '),(509364730,1.80,2,'pouco '),(509834370,1.80,2,'pouco '),(510070833,2.50,3,'intermédio'),(510148301,3.50,4,'bom'),(510303811,1.90,2,'pouco '),(510336973,2.50,3,'intermédio'),(510480209,3.10,3,'intermédio'),(510722920,1.70,2,'pouco '),(510728189,2.50,3,'intermédio'),(510830536,2.50,3,'intermédio'),(510852254,3.50,4,'bom'),(513063145,2.10,2,'pouco '),(513199560,2.70,3,'intermédio'),(513266488,1.30,1,'fugir'),(513418210,2.20,2,'pouco '),(513435344,1.30,1,'fugir'),(513945342,2.50,3,'intermédio'),(514139927,2.70,3,'intermédio'),(980540488,0.00,0,'na'),(980566797,2.50,3,'intermédio'),(980595304,0.00,0,'na');
/*!40000 ALTER TABLE `avaliacao` ENABLE KEYS */;
UNLOCK TABLES;

--
-- Table structure for table `curso`
--

DROP TABLE IF EXISTS `curso`;
/*!40101 SET @saved_cs_client     = @@character_set_client */;
/*!50503 SET character_set_client = utf8mb4 */;
CREATE TABLE `curso` (
  `id_curso` int(11) NOT NULL AUTO_INCREMENT,
  `nome_curso` varchar(45) DEFAULT NULL,
  `taxa_desemprego_curso` decimal(10,2) DEFAULT NULL,
  `media_diplomados_desempregados` decimal(10,2) DEFAULT NULL,
  `num_diplomados_curso` int(11) DEFAULT NULL,
  `cod_curso` int(11) DEFAULT NULL,
  `cod_estabelecimento` int(11) DEFAULT NULL,
  PRIMARY KEY (`id_curso`)
) ENGINE=InnoDB AUTO_INCREMENT=478 DEFAULT CHARSET=utf8;
/*!40101 SET character_set_client = @saved_cs_client */;

--
-- Dumping data for table `curso`
--

LOCK TABLES `curso` WRITE;
/*!40000 ALTER TABLE `curso` DISABLE KEYS */;
INSERT INTO `curso` VALUES (1,NULL,0.80,1.50,191,9885,6800),(2,NULL,1.60,3.50,222,9189,6800),(3,NULL,0.80,1.50,191,9119,6800),(4,NULL,1.30,2.50,193,9098,6800),(5,NULL,1.60,3.50,222,8366,6800),(6,NULL,NULL,NULL,0,137,4580),(7,NULL,NULL,NULL,12,9185,4531),(8,NULL,4.50,3.00,66,9185,4530),(9,NULL,NULL,NULL,12,9185,4500),(10,NULL,NULL,NULL,22,9119,4440),(11,NULL,NULL,NULL,26,9119,4375),(12,NULL,NULL,NULL,21,9185,4358),(13,NULL,NULL,NULL,0,9186,4352),(14,NULL,0.80,0.50,58,9186,4350),(15,NULL,NULL,NULL,25,9119,4350),(16,NULL,NULL,NULL,20,9186,4115),(17,NULL,NULL,NULL,27,9119,4032),(18,NULL,2.50,1.00,40,143,3240),(19,NULL,0.00,0.00,62,9119,3240),(20,NULL,NULL,NULL,12,9168,3180),(21,NULL,NULL,NULL,28,9122,3180),(22,NULL,2.30,3.50,150,9119,3180),(23,NULL,0.90,1.00,112,9119,3160),(24,NULL,NULL,NULL,0,9687,3150),(25,NULL,1.90,2.00,105,9119,3150),(26,NULL,2.30,1.50,64,9185,3140),(27,NULL,NULL,NULL,9,71,3130),(28,NULL,2.00,1.50,76,9119,3130),(29,NULL,NULL,NULL,18,8398,3130),(30,NULL,NULL,NULL,4,8288,3130),(31,NULL,1.70,13.00,768,9119,3130),(32,NULL,NULL,NULL,21,9119,3120),(33,NULL,NULL,NULL,0,119,3110),(34,NULL,5.70,4.50,79,52,3110),(35,NULL,1.00,1.50,143,9121,3110),(36,NULL,2.00,4.50,227,9885,3100),(37,NULL,2.00,4.50,227,9119,3100),(38,NULL,6.60,3.50,53,9119,3090),(39,NULL,NULL,NULL,23,9119,3060),(40,NULL,1.90,5.00,265,9885,3060),(41,NULL,1.90,5.00,265,9770,3060),(42,NULL,1.90,5.00,265,9119,3060),(43,NULL,4.20,5.00,119,9186,3060),(44,NULL,0.80,0.50,59,9248,3050),(45,NULL,3.30,3.50,106,9119,3050),(46,NULL,NULL,NULL,9,9188,3040),(47,NULL,3.30,1.50,45,9186,3040),(48,NULL,3.20,3.00,94,9119,3040),(49,NULL,3.90,3.00,76,9119,3020),(50,NULL,NULL,NULL,0,119,2800),(51,NULL,2.80,1.50,52,9186,2800),(52,NULL,2.40,2.50,101,9119,2800),(53,NULL,5.50,2.50,45,9119,2750),(54,NULL,NULL,NULL,0,8147,2710),(55,NULL,3.00,1.00,33,9185,2500),(56,NULL,0.00,0.00,40,9547,2405),(57,NULL,NULL,NULL,16,9119,2400),(58,NULL,NULL,NULL,29,9250,2200),(59,NULL,NULL,NULL,20,9186,2100),(60,NULL,0.90,1.00,110,9119,2100),(61,NULL,0.00,0.00,293,9121,1500),(62,NULL,0.00,0.00,145,9098,1500),(63,NULL,0.90,5.50,639,9121,1500),(64,NULL,0.00,0.00,93,79,1500),(65,NULL,1.40,4.00,279,9119,1500),(66,NULL,2.90,1.50,52,9250,1200),(67,NULL,4.10,5.50,133,9119,1200),(68,NULL,0.90,3.50,379,9459,1100),(69,NULL,2.70,1.00,37,7,1000),(70,NULL,0.90,1.50,171,5,1000),(71,NULL,0.70,0.50,75,8259,900),(72,NULL,2.00,3.50,172,5,900),(73,NULL,2.70,1.50,55,9119,600),(74,NULL,1.10,3.50,313,9119,500),(75,NULL,NULL,NULL,4,42,400),(76,NULL,1.60,2.00,126,9119,400),(77,NULL,1.00,0.50,48,8016,300),(78,NULL,6.40,14.00,219,9215,300),(79,NULL,0.00,0.00,74,9119,300),(80,NULL,1.20,1.00,84,9119,200),(81,NULL,NULL,NULL,NULL,NULL,NULL),(82,NULL,NULL,NULL,NULL,NULL,NULL),(83,NULL,NULL,NULL,NULL,NULL,NULL),(84,NULL,NULL,NULL,NULL,NULL,NULL),(85,NULL,NULL,NULL,NULL,NULL,NULL),(86,NULL,NULL,NULL,NULL,NULL,NULL),(87,NULL,NULL,NULL,NULL,NULL,NULL),(88,NULL,NULL,NULL,NULL,NULL,NULL),(89,NULL,NULL,NULL,NULL,NULL,NULL),(90,NULL,NULL,NULL,NULL,NULL,NULL),(91,NULL,NULL,NULL,NULL,NULL,NULL),(92,NULL,NULL,NULL,NULL,NULL,NULL),(93,NULL,NULL,NULL,NULL,NULL,NULL),(94,NULL,NULL,NULL,NULL,NULL,NULL),(95,NULL,NULL,NULL,NULL,NULL,NULL),(96,NULL,NULL,NULL,NULL,NULL,NULL),(97,NULL,NULL,NULL,NULL,NULL,NULL),(98,NULL,NULL,NULL,NULL,NULL,NULL),(99,NULL,NULL,NULL,NULL,NULL,NULL),(100,NULL,NULL,NULL,NULL,NULL,NULL),(101,NULL,NULL,NULL,NULL,NULL,NULL),(102,NULL,NULL,NULL,0,137,4580),(103,NULL,NULL,NULL,12,9185,4531),(104,NULL,NULL,NULL,12,9185,4500),(105,NULL,NULL,NULL,22,9119,4440),(106,NULL,NULL,NULL,26,9119,4375),(107,NULL,NULL,NULL,21,9185,4358),(108,NULL,NULL,NULL,0,9186,4352),(109,NULL,NULL,NULL,25,9119,4350),(110,NULL,NULL,NULL,20,9186,4115),(111,NULL,NULL,NULL,27,9119,4032),(112,NULL,NULL,NULL,12,9168,3180),(113,NULL,NULL,NULL,28,9122,3180),(114,NULL,NULL,NULL,0,9687,3150),(115,NULL,NULL,NULL,9,71,3130),(116,NULL,NULL,NULL,18,8398,3130),(117,NULL,NULL,NULL,4,8288,3130),(118,NULL,NULL,NULL,21,9119,3120),(119,NULL,NULL,NULL,0,119,3110),(120,NULL,NULL,NULL,23,9119,3060),(121,NULL,NULL,NULL,9,9188,3040),(122,NULL,NULL,NULL,0,119,2800),(123,NULL,NULL,NULL,0,8147,2710),(124,NULL,NULL,NULL,16,9119,2400),(125,NULL,NULL,NULL,29,9250,2200),(126,NULL,NULL,NULL,20,9186,2100),(127,NULL,NULL,NULL,4,42,400),(128,NULL,NULL,NULL,NULL,NULL,NULL),(129,NULL,NULL,NULL,NULL,NULL,NULL),(130,NULL,NULL,NULL,NULL,NULL,NULL),(131,NULL,NULL,NULL,NULL,NULL,NULL),(132,NULL,NULL,NULL,NULL,NULL,NULL),(133,NULL,NULL,NULL,NULL,NULL,NULL),(134,NULL,NULL,NULL,NULL,NULL,NULL),(135,NULL,NULL,NULL,NULL,NULL,NULL),(136,NULL,NULL,NULL,NULL,NULL,NULL),(137,NULL,NULL,NULL,NULL,NULL,NULL),(138,NULL,NULL,NULL,NULL,NULL,NULL),(139,NULL,NULL,NULL,NULL,NULL,NULL),(140,NULL,NULL,NULL,NULL,NULL,NULL),(141,NULL,NULL,NULL,NULL,NULL,NULL),(142,NULL,NULL,NULL,NULL,NULL,NULL),(143,NULL,NULL,NULL,NULL,NULL,NULL),(144,NULL,NULL,NULL,NULL,NULL,NULL),(145,NULL,NULL,NULL,NULL,NULL,NULL),(146,NULL,NULL,NULL,NULL,NULL,NULL),(147,NULL,NULL,NULL,NULL,NULL,NULL),(148,NULL,NULL,NULL,NULL,NULL,NULL),(149,NULL,NULL,NULL,0,137,4580),(150,NULL,NULL,NULL,12,9185,4531),(151,NULL,NULL,NULL,12,9185,4500),(152,NULL,NULL,NULL,22,9119,4440),(153,NULL,NULL,NULL,26,9119,4375),(154,NULL,NULL,NULL,21,9185,4358),(155,NULL,NULL,NULL,0,9186,4352),(156,NULL,NULL,NULL,25,9119,4350),(157,NULL,NULL,NULL,20,9186,4115),(158,NULL,NULL,NULL,27,9119,4032),(159,NULL,NULL,NULL,12,9168,3180),(160,NULL,NULL,NULL,28,9122,3180),(161,NULL,NULL,NULL,0,9687,3150),(162,NULL,NULL,NULL,9,71,3130),(163,NULL,NULL,NULL,18,8398,3130),(164,NULL,NULL,NULL,4,8288,3130),(165,NULL,NULL,NULL,21,9119,3120),(166,NULL,NULL,NULL,0,119,3110),(167,NULL,NULL,NULL,23,9119,3060),(168,NULL,NULL,NULL,9,9188,3040),(169,NULL,NULL,NULL,0,119,2800),(170,NULL,NULL,NULL,0,8147,2710),(171,NULL,NULL,NULL,16,9119,2400),(172,NULL,NULL,NULL,29,9250,2200),(173,NULL,NULL,NULL,20,9186,2100),(174,NULL,NULL,NULL,4,42,400),(175,NULL,NULL,NULL,NULL,NULL,NULL),(176,NULL,NULL,NULL,NULL,NULL,NULL),(177,NULL,NULL,NULL,NULL,NULL,NULL),(178,NULL,NULL,NULL,NULL,NULL,NULL),(179,NULL,NULL,NULL,NULL,NULL,NULL),(180,NULL,NULL,NULL,NULL,NULL,NULL),(181,NULL,NULL,NULL,NULL,NULL,NULL),(182,NULL,NULL,NULL,NULL,NULL,NULL),(183,NULL,NULL,NULL,NULL,NULL,NULL),(184,NULL,NULL,NULL,NULL,NULL,NULL),(185,NULL,NULL,NULL,NULL,NULL,NULL),(186,NULL,NULL,NULL,NULL,NULL,NULL),(187,NULL,NULL,NULL,NULL,NULL,NULL),(188,NULL,NULL,NULL,NULL,NULL,NULL),(189,NULL,NULL,NULL,NULL,NULL,NULL),(190,NULL,NULL,NULL,NULL,NULL,NULL),(191,NULL,NULL,NULL,NULL,NULL,NULL),(192,NULL,NULL,NULL,NULL,NULL,NULL),(193,NULL,NULL,NULL,NULL,NULL,NULL),(194,NULL,NULL,NULL,NULL,NULL,NULL),(195,NULL,NULL,NULL,NULL,NULL,NULL),(196,NULL,NULL,NULL,0,137,4580),(197,NULL,NULL,NULL,12,9185,4531),(198,NULL,NULL,NULL,12,9185,4500),(199,NULL,NULL,NULL,22,9119,4440),(200,NULL,NULL,NULL,26,9119,4375),(201,NULL,NULL,NULL,21,9185,4358),(202,NULL,NULL,NULL,0,9186,4352),(203,NULL,NULL,NULL,25,9119,4350),(204,NULL,NULL,NULL,20,9186,4115),(205,NULL,NULL,NULL,27,9119,4032),(206,NULL,NULL,NULL,12,9168,3180),(207,NULL,NULL,NULL,28,9122,3180),(208,NULL,NULL,NULL,0,9687,3150),(209,NULL,NULL,NULL,9,71,3130),(210,NULL,NULL,NULL,18,8398,3130),(211,NULL,NULL,NULL,4,8288,3130),(212,NULL,NULL,NULL,21,9119,3120),(213,NULL,NULL,NULL,0,119,3110),(214,NULL,NULL,NULL,23,9119,3060),(215,NULL,NULL,NULL,9,9188,3040),(216,NULL,NULL,NULL,0,119,2800),(217,NULL,NULL,NULL,0,8147,2710),(218,NULL,NULL,NULL,16,9119,2400),(219,NULL,NULL,NULL,29,9250,2200),(220,NULL,NULL,NULL,20,9186,2100),(221,NULL,NULL,NULL,4,42,400),(222,NULL,NULL,NULL,NULL,NULL,NULL),(223,NULL,NULL,NULL,NULL,NULL,NULL),(224,NULL,NULL,NULL,NULL,NULL,NULL),(225,NULL,NULL,NULL,NULL,NULL,NULL),(226,NULL,NULL,NULL,NULL,NULL,NULL),(227,NULL,NULL,NULL,NULL,NULL,NULL),(228,NULL,NULL,NULL,NULL,NULL,NULL),(229,NULL,NULL,NULL,NULL,NULL,NULL),(230,NULL,NULL,NULL,NULL,NULL,NULL),(231,NULL,NULL,NULL,NULL,NULL,NULL),(232,NULL,NULL,NULL,NULL,NULL,NULL),(233,NULL,NULL,NULL,NULL,NULL,NULL),(234,NULL,NULL,NULL,NULL,NULL,NULL),(235,NULL,NULL,NULL,NULL,NULL,NULL),(236,NULL,NULL,NULL,NULL,NULL,NULL),(237,NULL,NULL,NULL,NULL,NULL,NULL),(238,NULL,NULL,NULL,NULL,NULL,NULL),(239,NULL,NULL,NULL,NULL,NULL,NULL),(240,NULL,NULL,NULL,NULL,NULL,NULL),(241,NULL,NULL,NULL,NULL,NULL,NULL),(242,NULL,NULL,NULL,NULL,NULL,NULL),(243,NULL,NULL,NULL,0,137,4580),(244,NULL,NULL,NULL,12,9185,4531),(245,NULL,NULL,NULL,12,9185,4500),(246,NULL,NULL,NULL,22,9119,4440),(247,NULL,NULL,NULL,26,9119,4375),(248,NULL,NULL,NULL,21,9185,4358),(249,NULL,NULL,NULL,0,9186,4352),(250,NULL,NULL,NULL,25,9119,4350),(251,NULL,NULL,NULL,20,9186,4115),(252,NULL,NULL,NULL,27,9119,4032),(253,NULL,NULL,NULL,12,9168,3180),(254,NULL,NULL,NULL,28,9122,3180),(255,NULL,NULL,NULL,0,9687,3150),(256,NULL,NULL,NULL,9,71,3130),(257,NULL,NULL,NULL,18,8398,3130),(258,NULL,NULL,NULL,4,8288,3130),(259,NULL,NULL,NULL,21,9119,3120),(260,NULL,NULL,NULL,0,119,3110),(261,NULL,NULL,NULL,23,9119,3060),(262,NULL,NULL,NULL,9,9188,3040),(263,NULL,NULL,NULL,0,119,2800),(264,NULL,NULL,NULL,0,8147,2710),(265,NULL,NULL,NULL,16,9119,2400),(266,NULL,NULL,NULL,29,9250,2200),(267,NULL,NULL,NULL,20,9186,2100),(268,NULL,NULL,NULL,4,42,400),(269,NULL,NULL,NULL,NULL,NULL,NULL),(270,NULL,NULL,NULL,NULL,NULL,NULL),(271,NULL,NULL,NULL,NULL,NULL,NULL),(272,NULL,NULL,NULL,NULL,NULL,NULL),(273,NULL,NULL,NULL,NULL,NULL,NULL),(274,NULL,NULL,NULL,NULL,NULL,NULL),(275,NULL,NULL,NULL,NULL,NULL,NULL),(276,NULL,NULL,NULL,NULL,NULL,NULL),(277,NULL,NULL,NULL,NULL,NULL,NULL),(278,NULL,NULL,NULL,NULL,NULL,NULL),(279,NULL,NULL,NULL,NULL,NULL,NULL),(280,NULL,NULL,NULL,NULL,NULL,NULL),(281,NULL,NULL,NULL,NULL,NULL,NULL),(282,NULL,NULL,NULL,NULL,NULL,NULL),(283,NULL,NULL,NULL,NULL,NULL,NULL),(284,NULL,NULL,NULL,NULL,NULL,NULL),(285,NULL,NULL,NULL,NULL,NULL,NULL),(286,NULL,NULL,NULL,NULL,NULL,NULL),(287,NULL,NULL,NULL,NULL,NULL,NULL),(288,NULL,NULL,NULL,NULL,NULL,NULL),(289,NULL,NULL,NULL,NULL,NULL,NULL),(290,NULL,NULL,NULL,0,137,4580),(291,NULL,NULL,NULL,12,9185,4531),(292,NULL,NULL,NULL,12,9185,4500),(293,NULL,NULL,NULL,22,9119,4440),(294,NULL,NULL,NULL,26,9119,4375),(295,NULL,NULL,NULL,21,9185,4358),(296,NULL,NULL,NULL,0,9186,4352),(297,NULL,NULL,NULL,25,9119,4350),(298,NULL,NULL,NULL,20,9186,4115),(299,NULL,NULL,NULL,27,9119,4032),(300,NULL,NULL,NULL,12,9168,3180),(301,NULL,NULL,NULL,28,9122,3180),(302,NULL,NULL,NULL,0,9687,3150),(303,NULL,NULL,NULL,9,71,3130),(304,NULL,NULL,NULL,18,8398,3130),(305,NULL,NULL,NULL,4,8288,3130),(306,NULL,NULL,NULL,21,9119,3120),(307,NULL,NULL,NULL,0,119,3110),(308,NULL,NULL,NULL,23,9119,3060),(309,NULL,NULL,NULL,9,9188,3040),(310,NULL,NULL,NULL,0,119,2800),(311,NULL,NULL,NULL,0,8147,2710),(312,NULL,NULL,NULL,16,9119,2400),(313,NULL,NULL,NULL,29,9250,2200),(314,NULL,NULL,NULL,20,9186,2100),(315,NULL,NULL,NULL,4,42,400),(316,NULL,NULL,NULL,NULL,NULL,NULL),(317,NULL,NULL,NULL,NULL,NULL,NULL),(318,NULL,NULL,NULL,NULL,NULL,NULL),(319,NULL,NULL,NULL,NULL,NULL,NULL),(320,NULL,NULL,NULL,NULL,NULL,NULL),(321,NULL,NULL,NULL,NULL,NULL,NULL),(322,NULL,NULL,NULL,NULL,NULL,NULL),(323,NULL,NULL,NULL,NULL,NULL,NULL),(324,NULL,NULL,NULL,NULL,NULL,NULL),(325,NULL,NULL,NULL,NULL,NULL,NULL),(326,NULL,NULL,NULL,NULL,NULL,NULL),(327,NULL,NULL,NULL,NULL,NULL,NULL),(328,NULL,NULL,NULL,NULL,NULL,NULL),(329,NULL,NULL,NULL,NULL,NULL,NULL),(330,NULL,NULL,NULL,NULL,NULL,NULL),(331,NULL,NULL,NULL,NULL,NULL,NULL),(332,NULL,NULL,NULL,NULL,NULL,NULL),(333,NULL,NULL,NULL,NULL,NULL,NULL),(334,NULL,NULL,NULL,NULL,NULL,NULL),(335,NULL,NULL,NULL,NULL,NULL,NULL),(336,NULL,NULL,NULL,NULL,NULL,NULL),(337,NULL,NULL,NULL,0,137,4580),(338,NULL,NULL,NULL,12,9185,4531),(339,NULL,NULL,NULL,12,9185,4500),(340,NULL,NULL,NULL,22,9119,4440),(341,NULL,NULL,NULL,26,9119,4375),(342,NULL,NULL,NULL,21,9185,4358),(343,NULL,NULL,NULL,0,9186,4352),(344,NULL,NULL,NULL,25,9119,4350),(345,NULL,NULL,NULL,20,9186,4115),(346,NULL,NULL,NULL,27,9119,4032),(347,NULL,NULL,NULL,12,9168,3180),(348,NULL,NULL,NULL,28,9122,3180),(349,NULL,NULL,NULL,0,9687,3150),(350,NULL,NULL,NULL,9,71,3130),(351,NULL,NULL,NULL,18,8398,3130),(352,NULL,NULL,NULL,4,8288,3130),(353,NULL,NULL,NULL,21,9119,3120),(354,NULL,NULL,NULL,0,119,3110),(355,NULL,NULL,NULL,23,9119,3060),(356,NULL,NULL,NULL,9,9188,3040),(357,NULL,NULL,NULL,0,119,2800),(358,NULL,NULL,NULL,0,8147,2710),(359,NULL,NULL,NULL,16,9119,2400),(360,NULL,NULL,NULL,29,9250,2200),(361,NULL,NULL,NULL,20,9186,2100),(362,NULL,NULL,NULL,4,42,400),(363,NULL,NULL,NULL,NULL,NULL,NULL),(364,NULL,NULL,NULL,NULL,NULL,NULL),(365,NULL,NULL,NULL,NULL,NULL,NULL),(366,NULL,NULL,NULL,NULL,NULL,NULL),(367,NULL,NULL,NULL,NULL,NULL,NULL),(368,NULL,NULL,NULL,NULL,NULL,NULL),(369,NULL,NULL,NULL,NULL,NULL,NULL),(370,NULL,NULL,NULL,NULL,NULL,NULL),(371,NULL,NULL,NULL,NULL,NULL,NULL),(372,NULL,NULL,NULL,NULL,NULL,NULL),(373,NULL,NULL,NULL,NULL,NULL,NULL),(374,NULL,NULL,NULL,NULL,NULL,NULL),(375,NULL,NULL,NULL,NULL,NULL,NULL),(376,NULL,NULL,NULL,NULL,NULL,NULL),(377,NULL,NULL,NULL,NULL,NULL,NULL),(378,NULL,NULL,NULL,NULL,NULL,NULL),(379,NULL,NULL,NULL,NULL,NULL,NULL),(380,NULL,NULL,NULL,NULL,NULL,NULL),(381,NULL,NULL,NULL,NULL,NULL,NULL),(382,NULL,NULL,NULL,NULL,NULL,NULL),(383,NULL,NULL,NULL,NULL,NULL,NULL),(384,NULL,NULL,NULL,0,137,4580),(385,NULL,NULL,NULL,12,9185,4531),(386,NULL,NULL,NULL,12,9185,4500),(387,NULL,NULL,NULL,22,9119,4440),(388,NULL,NULL,NULL,26,9119,4375),(389,NULL,NULL,NULL,21,9185,4358),(390,NULL,NULL,NULL,0,9186,4352),(391,NULL,NULL,NULL,25,9119,4350),(392,NULL,NULL,NULL,20,9186,4115),(393,NULL,NULL,NULL,27,9119,4032),(394,NULL,NULL,NULL,12,9168,3180),(395,NULL,NULL,NULL,28,9122,3180),(396,NULL,NULL,NULL,0,9687,3150),(397,NULL,NULL,NULL,9,71,3130),(398,NULL,NULL,NULL,18,8398,3130),(399,NULL,NULL,NULL,4,8288,3130),(400,NULL,NULL,NULL,21,9119,3120),(401,NULL,NULL,NULL,0,119,3110),(402,NULL,NULL,NULL,23,9119,3060),(403,NULL,NULL,NULL,9,9188,3040),(404,NULL,NULL,NULL,0,119,2800),(405,NULL,NULL,NULL,0,8147,2710),(406,NULL,NULL,NULL,16,9119,2400),(407,NULL,NULL,NULL,29,9250,2200),(408,NULL,NULL,NULL,20,9186,2100),(409,NULL,NULL,NULL,4,42,400),(410,NULL,NULL,NULL,NULL,NULL,NULL),(411,NULL,NULL,NULL,NULL,NULL,NULL),(412,NULL,NULL,NULL,NULL,NULL,NULL),(413,NULL,NULL,NULL,NULL,NULL,NULL),(414,NULL,NULL,NULL,NULL,NULL,NULL),(415,NULL,NULL,NULL,NULL,NULL,NULL),(416,NULL,NULL,NULL,NULL,NULL,NULL),(417,NULL,NULL,NULL,NULL,NULL,NULL),(418,NULL,NULL,NULL,NULL,NULL,NULL),(419,NULL,NULL,NULL,NULL,NULL,NULL),(420,NULL,NULL,NULL,NULL,NULL,NULL),(421,NULL,NULL,NULL,NULL,NULL,NULL),(422,NULL,NULL,NULL,NULL,NULL,NULL),(423,NULL,NULL,NULL,NULL,NULL,NULL),(424,NULL,NULL,NULL,NULL,NULL,NULL),(425,NULL,NULL,NULL,NULL,NULL,NULL),(426,NULL,NULL,NULL,NULL,NULL,NULL),(427,NULL,NULL,NULL,NULL,NULL,NULL),(428,NULL,NULL,NULL,NULL,NULL,NULL),(429,NULL,NULL,NULL,NULL,NULL,NULL),(430,NULL,NULL,NULL,NULL,NULL,NULL),(431,NULL,NULL,NULL,0,137,4580),(432,NULL,NULL,NULL,12,9185,4531),(433,NULL,NULL,NULL,12,9185,4500),(434,NULL,NULL,NULL,22,9119,4440),(435,NULL,NULL,NULL,26,9119,4375),(436,NULL,NULL,NULL,21,9185,4358),(437,NULL,NULL,NULL,0,9186,4352),(438,NULL,NULL,NULL,25,9119,4350),(439,NULL,NULL,NULL,20,9186,4115),(440,NULL,NULL,NULL,27,9119,4032),(441,NULL,NULL,NULL,12,9168,3180),(442,NULL,NULL,NULL,28,9122,3180),(443,NULL,NULL,NULL,0,9687,3150),(444,NULL,NULL,NULL,9,71,3130),(445,NULL,NULL,NULL,18,8398,3130),(446,NULL,NULL,NULL,4,8288,3130),(447,NULL,NULL,NULL,21,9119,3120),(448,NULL,NULL,NULL,0,119,3110),(449,NULL,NULL,NULL,23,9119,3060),(450,NULL,NULL,NULL,9,9188,3040),(451,NULL,NULL,NULL,0,119,2800),(452,NULL,NULL,NULL,0,8147,2710),(453,NULL,NULL,NULL,16,9119,2400),(454,NULL,NULL,NULL,29,9250,2200),(455,NULL,NULL,NULL,20,9186,2100),(456,NULL,NULL,NULL,4,42,400),(457,NULL,NULL,NULL,NULL,NULL,NULL),(458,NULL,NULL,NULL,NULL,NULL,NULL),(459,NULL,NULL,NULL,NULL,NULL,NULL),(460,NULL,NULL,NULL,NULL,NULL,NULL),(461,NULL,NULL,NULL,NULL,NULL,NULL),(462,NULL,NULL,NULL,NULL,NULL,NULL),(463,NULL,NULL,NULL,NULL,NULL,NULL),(464,NULL,NULL,NULL,NULL,NULL,NULL),(465,NULL,NULL,NULL,NULL,NULL,NULL),(466,NULL,NULL,NULL,NULL,NULL,NULL),(467,NULL,NULL,NULL,NULL,NULL,NULL),(468,NULL,NULL,NULL,NULL,NULL,NULL),(469,NULL,NULL,NULL,NULL,NULL,NULL),(470,NULL,NULL,NULL,NULL,NULL,NULL),(471,NULL,NULL,NULL,NULL,NULL,NULL),(472,NULL,NULL,NULL,NULL,NULL,NULL),(473,NULL,NULL,NULL,NULL,NULL,NULL),(474,NULL,NULL,NULL,NULL,NULL,NULL),(475,NULL,NULL,NULL,NULL,NULL,NULL),(476,NULL,NULL,NULL,NULL,NULL,NULL),(477,NULL,NULL,NULL,NULL,NULL,NULL);
/*!40000 ALTER TABLE `curso` ENABLE KEYS */;
UNLOCK TABLES;

--
-- Table structure for table `dadosfinanceiros`
--

DROP TABLE IF EXISTS `dadosfinanceiros`;
/*!40101 SET @saved_cs_client     = @@character_set_client */;
/*!50503 SET character_set_client = utf8mb4 */;
CREATE TABLE `dadosfinanceiros` (
  `id_dados_financeiros` int(11) NOT NULL,
  `vn` int(11) DEFAULT NULL,
  `resultado_financeiro` int(11) DEFAULT NULL,
  `resultado_operacional` int(11) DEFAULT NULL,
  `custo_pessoal` int(11) DEFAULT NULL,
  `irc` int(11) DEFAULT NULL,
  `ativo_intangivel` int(11) DEFAULT NULL,
  `ativo_fixo_tangivel` int(11) DEFAULT NULL,
  `depositos_caixa` int(11) DEFAULT NULL,
  PRIMARY KEY (`id_dados_financeiros`)
) ENGINE=InnoDB DEFAULT CHARSET=utf8;
/*!40101 SET character_set_client = @saved_cs_client */;

--
-- Dumping data for table `dadosfinanceiros`
--

LOCK TABLES `dadosfinanceiros` WRITE;
/*!40000 ALTER TABLE `dadosfinanceiros` DISABLE KEYS */;
INSERT INTO `dadosfinanceiros` VALUES (500068801,186847,-1,22213,36550,5560,0,33422,50541),(500074372,65022,111,-289,19396,185,52,2031,6401),(500366039,8442,-259,346,4455,-354,2933,189,43),(501551557,26705,-1784,-3832,9541,-815,1874,95,100),(501573704,12364,-31,804,7886,17,2329,41,2129),(501774360,35079,19,3042,13900,127,0,18,4683),(501854371,4554,-128,358,2257,49,974,1454,515),(501968326,10359,-100,656,2628,143,574,567,27),(502064200,32408,-168,7484,14132,1899,103,1770,3603),(502186771,20905,0,627,20439,999,705,1516,17809),(502443855,40930,0,1599,34277,425,0,458,961),(502479418,18246,-464,598,11179,-378,6499,56,31),(502829257,31165,107,1615,16854,731,0,254,7954),(502980826,8221,-36,2212,3135,332,409,1282,1074),(503222364,15897,-12,1476,8273,455,0,313,922),(503412031,11422,-1090,-545,4898,-69,14744,2767,211),(503470120,8324,-7,72,3326,60,95,29,84),(503502537,32098,212,2665,7077,51,41,441,24),(503541320,20394,359,-4926,12888,-9,36749,224,299),(503670693,31539,-42,512,2688,226,250,793,853),(503882887,60614,-166,5585,30031,940,1145,847,1312),(503961175,15915,547,2165,8967,221,0,109,1),(504079190,23548,-1,2481,14553,450,383,48,2313),(504150014,10287,-6,-638,7345,326,4635,96,205),(504272179,70723,-80,8830,47955,1735,9935,1223,182),(504551221,13406,92,448,5999,36,2860,370,1276),(504705610,99322,-498,24382,16933,-5756,23005,15759,2214),(504727060,35659,-43,1560,21432,955,0,664,0),(504761013,6582,2,-1815,5077,17,30,1183,848),(504825917,3953,-3,287,2795,9,1,341,192),(504857312,20514,-11,-3186,11348,439,1473,4,626),(505089971,40161,-1,673,18658,-279,28441,842,120),(505107546,102981,-83,15291,25049,3812,58596,9367,7),(505116812,58060,23,2602,26519,191,571,258,14569),(505128985,36617,-604,1869,23325,279,1264,544,991),(505187299,9905,-15,867,3454,65,1014,855,1972),(505205939,31567,0,14400,13190,2554,1196,785,18454),(505350173,34372,-554,5172,14911,-494,3334,3201,1459),(505377691,9210,-12,388,3393,-255,400,825,33),(506176142,26647,-1,2189,9584,597,0,199,2788),(506204650,29369,-46,2864,17599,733,890,1271,1498),(506305716,9486,0,2901,1586,635,1,1414,3172),(506360237,28786,-55,1749,6389,210,13,789,5699),(506396010,22203,8,4429,13402,1073,144,551,471),(507058917,9088,-15,304,4571,65,56,309,25),(507107381,5258,-10,1037,3218,166,10,891,10),(507117336,11595,-30,1914,7363,347,0,2858,747),(507246152,7256,-56,106,4555,55,2492,118,270),(507291727,17992,-94,1510,12275,99,1625,516,2275),(507431073,15608,-6,3948,11403,612,22,126,1133),(507678672,6768,-37,525,4348,124,0,819,118),(507969332,7027,-42,703,2907,200,0,339,19),(508069491,34032,0,42,17236,688,9225,4048,4796),(508123585,7821,-49,349,5664,82,217,319,192),(508202531,5700,-7,790,2811,203,0,211,86),(508453488,8953,-61,901,4279,75,599,494,66),(508823617,11263,-22,363,7632,125,0,2503,189),(508966752,11590,0,1419,7367,327,0,57,262),(509255310,6430,0,581,4844,-684,21,5472,1275),(509364730,5695,11,720,3903,148,0,159,207),(509834370,13981,-1,2619,8185,17,64,324,905),(510070833,6395,-62,287,4445,124,128,198,179),(510148301,17245,-1,1022,13097,116,1,2538,2761),(510303811,8068,-3,631,5655,72,0,89,197),(510336973,4395,-2,184,3472,52,0,0,18),(510480209,7049,-38,2963,4517,723,4800,124,1930),(510722920,7936,-24,339,4170,109,0,47,289),(510728189,38925,-27,1256,5299,481,65,3542,7756),(510830536,25268,0,3696,15742,987,1225,204,901),(510852254,8193,0,895,5912,-526,0,210,933),(513063145,5081,0,582,3343,120,0,176,91),(513199560,7293,-1,352,5994,-382,1,578,195),(513266488,3089,-19,199,2613,40,0,53,65),(513418210,5648,-13,394,4520,50,0,207,146),(513435344,8814,-3,2281,4772,495,0,348,272),(513945342,18517,-47,1226,5330,231,858,3188,7001),(514139927,4199,-21,-312,3033,-92,0,0,550),(980540488,10124,0,756,7725,51,0,10,816),(980566797,30062,0,66,12626,48,19,6115,6316),(980595304,18157,0,1022,5916,287,0,262,845);
/*!40000 ALTER TABLE `dadosfinanceiros` ENABLE KEYS */;
UNLOCK TABLES;

--
-- Table structure for table `empresas_geral_has_localidade`
--

DROP TABLE IF EXISTS `empresas_geral_has_localidade`;
/*!40101 SET @saved_cs_client     = @@character_set_client */;
/*!50503 SET character_set_client = utf8mb4 */;
CREATE TABLE `empresas_geral_has_localidade` (
  `Empresas_Geral_id_NIF` int(11) NOT NULL,
  `Localidade_id_Localidade` int(11) NOT NULL,
  PRIMARY KEY (`Empresas_Geral_id_NIF`,`Localidade_id_Localidade`),
  KEY `fk_Empresas_Geral_has_Localidade_Empresas_Geral_idx` (`Empresas_Geral_id_NIF`),
  CONSTRAINT `fk_Empresas_Geral_has_Localidade_Empresas_Geral` FOREIGN KEY (`Empresas_Geral_id_NIF`) REFERENCES `empresasgeral` (`nif`)
) ENGINE=InnoDB DEFAULT CHARSET=utf8;
/*!40101 SET character_set_client = @saved_cs_client */;

--
-- Dumping data for table `empresas_geral_has_localidade`
--

LOCK TABLES `empresas_geral_has_localidade` WRITE;
/*!40000 ALTER TABLE `empresas_geral_has_localidade` DISABLE KEYS */;
/*!40000 ALTER TABLE `empresas_geral_has_localidade` ENABLE KEYS */;
UNLOCK TABLES;

--
-- Table structure for table `empresasgeral`
--

DROP TABLE IF EXISTS `empresasgeral`;
/*!40101 SET @saved_cs_client     = @@character_set_client */;
/*!50503 SET character_set_client = utf8mb4 */;
CREATE TABLE `empresasgeral` (
  `nif` int(11) NOT NULL,
  `nome` varchar(200) DEFAULT NULL,
  `num_empregados` int(11) DEFAULT NULL,
  `forma_juridica` varchar(45) DEFAULT NULL,
  `auditora` varchar(200) DEFAULT NULL,
  `LinkedIn_id_LinkedIn` int(11) NOT NULL,
  `DadosFinanceiros_id_dados_financeiros` int(11) NOT NULL,
  `Teamlyzer_idTeamlyzer` int(11) NOT NULL,
  `sede_localidade_id_Localidades_Empresas_InstituicaoEnsinoSup` int(11) NOT NULL,
  PRIMARY KEY (`nif`),
  KEY `fk_EmpresasGeral_LinkedIn1_idx` (`LinkedIn_id_LinkedIn`),
  KEY `fk_EmpresasGeral_DadosFinanceiros1_idx` (`DadosFinanceiros_id_dados_financeiros`),
  KEY `fk_EmpresasGeral_Teamlyzer1_idx` (`Teamlyzer_idTeamlyzer`),
  KEY `fk_EmpresasGeral_sede_localidade1_idx` (`sede_localidade_id_Localidades_Empresas_InstituicaoEnsinoSup`),
  CONSTRAINT `fk_EmpresasGeral_DadosFinanceiros1` FOREIGN KEY (`DadosFinanceiros_id_dados_financeiros`) REFERENCES `dadosfinanceiros` (`id_dados_financeiros`),
  CONSTRAINT `fk_EmpresasGeral_LinkedIn1` FOREIGN KEY (`LinkedIn_id_LinkedIn`) REFERENCES `linkedin` (`id_LinkedIn`),
  CONSTRAINT `fk_EmpresasGeral_Teamlyzer1` FOREIGN KEY (`Teamlyzer_idTeamlyzer`) REFERENCES `teamlyzer` (`idTeamlyzer`),
  CONSTRAINT `fk_EmpresasGeral_sede_localidade1` FOREIGN KEY (`sede_localidade_id_Localidades_Empresas_InstituicaoEnsinoSup`) REFERENCES `sede_localidade` (`id_Localidades_Empresas_InstituicaoEnsinoSup`)
) ENGINE=InnoDB DEFAULT CHARSET=utf8;
/*!40101 SET character_set_client = @saved_cs_client */;

--
-- Dumping data for table `empresasgeral`
--

LOCK TABLES `empresasgeral` WRITE;
/*!40000 ALTER TABLE `empresasgeral` DISABLE KEYS */;
/*!40000 ALTER TABLE `empresasgeral` ENABLE KEYS */;
UNLOCK TABLES;

--
-- Table structure for table `ensinosuperior`
--

DROP TABLE IF EXISTS `ensinosuperior`;
/*!40101 SET @saved_cs_client     = @@character_set_client */;
/*!50503 SET character_set_client = utf8mb4 */;
CREATE TABLE `ensinosuperior` (
  `id_instituicao_ensino` int(11) NOT NULL,
  `instituicao_ensino` varchar(45) DEFAULT NULL,
  `MatriculadosCna_id_matriculados_cna` int(11) NOT NULL,
  `publico` varchar(45) DEFAULT NULL,
  `privado` varchar(45) DEFAULT NULL,
  `universitario` varchar(45) DEFAULT NULL,
  `politecnico` varchar(45) DEFAULT NULL,
  `InscritosPorIdade_id_InscritosPorIdade` int(11) NOT NULL,
  `sede_localidade_id_Localidades_Empresas_InstituicaoEnsinoSup` int(11) NOT NULL,
  PRIMARY KEY (`id_instituicao_ensino`),
  KEY `fk_InstituicaoEnsinoSuperior_MatriculadosCna1_idx` (`MatriculadosCna_id_matriculados_cna`),
  KEY `fk_InstituicaoEnsinoSuperior_InscritosPorIdade1_idx` (`InscritosPorIdade_id_InscritosPorIdade`),
  KEY `fk_EnsinoSuperior_sede_localidade1_idx` (`sede_localidade_id_Localidades_Empresas_InstituicaoEnsinoSup`),
  CONSTRAINT `fk_EnsinoSuperior_sede_localidade1` FOREIGN KEY (`sede_localidade_id_Localidades_Empresas_InstituicaoEnsinoSup`) REFERENCES `sede_localidade` (`id_Localidades_Empresas_InstituicaoEnsinoSup`) ON DELETE RESTRICT ON UPDATE RESTRICT,
  CONSTRAINT `fk_InstituicaoEnsinoSuperior_InscritosPorIdade1` FOREIGN KEY (`InscritosPorIdade_id_InscritosPorIdade`) REFERENCES `inscritosporidade` (`id_InscritosPorIdade`),
  CONSTRAINT `fk_InstituicaoEnsinoSuperior_MatriculadosCna1` FOREIGN KEY (`MatriculadosCna_id_matriculados_cna`) REFERENCES `matriculadoscna` (`id_matriculados_cna`)
) ENGINE=InnoDB DEFAULT CHARSET=utf8;
/*!40101 SET character_set_client = @saved_cs_client */;

--
-- Dumping data for table `ensinosuperior`
--

LOCK TABLES `ensinosuperior` WRITE;
/*!40000 ALTER TABLE `ensinosuperior` DISABLE KEYS */;
/*!40000 ALTER TABLE `ensinosuperior` ENABLE KEYS */;
UNLOCK TABLES;

--
-- Table structure for table `equilibriotrabalhovida`
--

DROP TABLE IF EXISTS `equilibriotrabalhovida`;
/*!40101 SET @saved_cs_client     = @@character_set_client */;
/*!50503 SET character_set_client = utf8mb4 */;
CREATE TABLE `equilibriotrabalhovida` (
  `id_equilibrio_trabalho_vida` int(11) NOT NULL,
  `equilibrio_trabalho_vida(100)` int(11) DEFAULT NULL,
  `equilibrio_trabalho_vida(5)` int(11) DEFAULT NULL,
  `equilibrio_trabalho_vida(nome)` varchar(45) DEFAULT NULL,
  PRIMARY KEY (`id_equilibrio_trabalho_vida`)
) ENGINE=InnoDB DEFAULT CHARSET=utf8;
/*!40101 SET character_set_client = @saved_cs_client */;

--
-- Dumping data for table `equilibriotrabalhovida`
--

LOCK TABLES `equilibriotrabalhovida` WRITE;
/*!40000 ALTER TABLE `equilibriotrabalhovida` DISABLE KEYS */;
INSERT INTO `equilibriotrabalhovida` VALUES (500068801,50,3,'intermédio'),(500074372,79,4,'bom'),(500366039,75,4,'bom'),(501551557,62,4,'bom'),(501573704,85,5,'excelente'),(501774360,50,3,'intermédio'),(501854371,75,4,'bom'),(501968326,0,0,'na'),(502064200,0,0,'na'),(502186771,0,0,'na'),(502443855,35,2,'pouco '),(502479418,67,4,'bom'),(502829257,57,3,'intermédio'),(502980826,75,4,'bom'),(503222364,63,4,'bom'),(503412031,85,5,'excelente'),(503470120,75,4,'bom'),(503502537,67,4,'bom'),(503541320,67,4,'bom'),(503670693,0,0,'na'),(503882887,75,4,'bom'),(503961175,0,0,'na'),(504079190,50,3,'intermédio'),(504150014,100,5,'excelente'),(504272179,61,4,'bom'),(504551221,64,4,'bom'),(504705610,65,4,'bom'),(504727060,0,0,'na'),(504761013,0,0,'na'),(504825917,62,4,'bom'),(504857312,50,3,'intermédio'),(505089971,50,3,'intermédio'),(505107546,100,5,'excelente'),(505116812,61,4,'bom'),(505128985,70,4,'bom'),(505187299,0,0,'na'),(505205939,65,4,'bom'),(505350173,25,2,'pouco '),(505377691,0,0,'na'),(506176142,63,4,'bom'),(506204650,50,3,'intermédio'),(506305716,0,0,'na'),(506360237,75,4,'bom'),(506396010,63,4,'bom'),(507058917,0,0,'na'),(507107381,80,4,'bom'),(507117336,83,5,'excelente'),(507246152,58,3,'intermédio'),(507291727,57,3,'intermédio'),(507431073,0,0,'na'),(507678672,50,3,'intermédio'),(507969332,82,5,'excelente'),(508069491,83,5,'excelente'),(508123585,46,3,'intermédio'),(508202531,0,0,'na'),(508453488,65,4,'bom'),(508823617,70,4,'bom'),(508966752,45,3,'intermédio'),(509255310,75,4,'bom'),(509364730,53,3,'intermédio'),(509834370,37,2,'pouco '),(510070833,100,5,'excelente'),(510148301,70,4,'bom'),(510303811,67,4,'bom'),(510336973,75,4,'bom'),(510480209,50,3,'intermédio'),(510722920,75,4,'bom'),(510728189,50,3,'intermédio'),(510830536,67,4,'bom'),(510852254,70,4,'bom'),(513063145,66,4,'bom'),(513199560,84,5,'excelente'),(513266488,50,3,'intermédio'),(513418210,65,4,'bom'),(513435344,50,3,'intermédio'),(513945342,64,4,'bom'),(514139927,50,3,'intermédio'),(980540488,0,0,'na'),(980566797,66,4,'bom'),(980595304,0,0,'na');
/*!40000 ALTER TABLE `equilibriotrabalhovida` ENABLE KEYS */;
UNLOCK TABLES;

--
-- Table structure for table `funcionarios`
--

DROP TABLE IF EXISTS `funcionarios`;
/*!40101 SET @saved_cs_client     = @@character_set_client */;
/*!50503 SET character_set_client = utf8mb4 */;
CREATE TABLE `funcionarios` (
  `idFuncionarios` int(11) NOT NULL,
  `ano civil_ funcionarios` year(4) DEFAULT NULL,
  `numero_funcionarios` int(11) DEFAULT NULL,
  PRIMARY KEY (`idFuncionarios`)
) ENGINE=InnoDB DEFAULT CHARSET=utf8;
/*!40101 SET character_set_client = @saved_cs_client */;

--
-- Dumping data for table `funcionarios`
--

LOCK TABLES `funcionarios` WRITE;
/*!40000 ALTER TABLE `funcionarios` DISABLE KEYS */;
/*!40000 ALTER TABLE `funcionarios` ENABLE KEYS */;
UNLOCK TABLES;

--
-- Table structure for table `inscritosporidade`
--

DROP TABLE IF EXISTS `inscritosporidade`;
/*!40101 SET @saved_cs_client     = @@character_set_client */;
/*!50503 SET character_set_client = utf8mb4 */;
CREATE TABLE `inscritosporidade` (
  `id_InscritosPorIdade` int(11) NOT NULL,
  `cod_curso` int(11) DEFAULT NULL,
  `cod_estabelecimento` int(11) DEFAULT NULL,
  `total_inscritos_17_18` int(11) DEFAULT NULL,
  `18_anos` int(11) DEFAULT NULL,
  `19_anos` int(11) DEFAULT NULL,
  `20_anos` int(11) DEFAULT NULL,
  `21_anos` int(11) DEFAULT NULL,
  `22_anos` int(11) DEFAULT NULL,
  `23_anos` int(11) DEFAULT NULL,
  `24_anos` int(11) DEFAULT NULL,
  PRIMARY KEY (`id_InscritosPorIdade`),
  UNIQUE KEY `id_InscritosPorIdade_UNIQUE` (`id_InscritosPorIdade`)
) ENGINE=InnoDB DEFAULT CHARSET=utf8;
/*!40101 SET character_set_client = @saved_cs_client */;

--
-- Dumping data for table `inscritosporidade`
--

LOCK TABLES `inscritosporidade` WRITE;
/*!40000 ALTER TABLE `inscritosporidade` DISABLE KEYS */;
INSERT INTO `inscritosporidade` VALUES (9005,5,900,1095,148,144,144,162,140,118,78),(10005,5,1000,825,149,146,127,130,100,53,27),(10007,7,1000,154,33,25,22,22,6,15,8),(40042,42,400,93,9,21,17,18,7,7,5),(150079,79,1500,284,42,39,47,48,33,25,18),(311052,52,3110,338,42,64,59,29,29,24,18),(313071,71,3130,99,15,23,19,12,11,7,5),(1009384,9384,100,105,3,8,11,13,17,13,8),(2009119,9119,200,226,44,36,47,24,21,19,10),(2009250,9250,200,13,0,0,0,0,1,5,1),(2800119,119,2800,13,4,3,1,1,0,0,0),(3008016,8016,300,101,12,7,14,16,10,7,4),(3009119,9119,300,211,50,44,34,17,17,7,7),(3009215,9215,300,253,37,45,54,44,12,22,7),(3110119,119,3110,55,20,17,13,3,0,1,0),(3240143,143,3240,24,1,1,1,1,3,1,3),(4009119,9119,400,314,45,52,60,54,36,24,6),(4009251,9251,400,4,0,0,0,0,1,0,1),(4580137,137,4580,17,0,1,4,6,2,1,2),(5009119,9119,500,520,104,112,112,66,43,19,12),(6009119,9119,600,205,30,37,38,27,18,10,10),(9008259,8259,900,162,28,40,25,22,7,15,10),(11009459,9459,1100,774,116,138,123,130,109,48,27),(12009119,9119,1200,243,48,47,47,28,17,15,7),(12009250,9250,1200,79,12,15,12,17,7,2,4),(13009119,9119,1300,229,38,32,36,27,23,22,19),(15009098,9098,1500,255,53,40,36,31,12,26,13),(15009119,9119,1500,567,72,94,95,73,63,37,36),(21009119,9119,2100,203,12,25,23,22,11,13,14),(21009186,9186,2100,42,3,3,3,1,1,1,1),(22009250,9250,2200,46,0,3,9,9,5,5,3),(24009119,9119,2400,84,14,20,22,9,7,4,1),(24059547,9547,2405,52,6,10,2,11,8,4,4),(25009185,9185,2500,87,20,11,25,10,6,5,2),(27108147,8147,2710,27,0,1,1,0,0,0,2),(27509119,9119,2750,180,15,35,25,18,20,14,15),(28009119,9119,2800,205,32,28,24,21,17,17,9),(28009186,9186,2800,82,8,3,6,2,10,2,8),(30209119,9119,3020,188,19,28,23,16,17,17,12),(30409119,9119,3040,295,47,55,45,44,23,24,9),(30409186,9186,3040,114,6,8,12,18,13,23,13),(30409188,9188,3040,43,1,3,3,9,3,9,0),(30509119,9119,3050,241,35,26,44,34,22,22,15),(30509248,9248,3050,76,3,3,8,5,12,9,7),(30609186,9186,3060,198,19,24,36,26,24,13,11),(30609770,9770,3060,54,11,4,8,16,4,3,3),(30609885,9885,3060,134,4,7,16,12,7,9,9),(30909119,9119,3090,219,16,27,38,37,22,18,14),(31009119,9119,3100,489,76,76,88,59,65,38,21),(31009885,9885,3100,202,12,13,13,15,14,14,15),(31109121,9121,3110,658,77,91,82,69,50,51,35),(31209119,9119,3120,90,16,6,15,6,9,4,5),(31308288,8288,3130,75,6,17,14,13,10,0,7),(31308398,8398,3130,66,15,10,15,8,3,5,0),(31308441,8441,3130,3,0,0,0,0,0,0,0),(31409185,9185,3140,112,9,18,21,9,8,11,13),(31409998,9998,3140,1,0,0,0,0,0,0,0),(31509119,9119,3150,346,28,43,54,55,37,25,25),(31509687,9687,3150,31,7,10,5,2,2,2,0),(31609119,9119,3160,242,32,32,58,48,21,15,6),(31809119,9119,3180,303,39,54,64,37,26,26,14),(31809122,9122,3180,62,7,9,8,5,11,6,6),(31809168,9168,3180,36,1,10,9,5,3,1,2),(32409119,9119,3240,215,25,32,22,35,21,7,11),(40329119,9119,4032,88,17,16,15,11,5,6,4),(41159186,9186,4115,22,0,0,4,1,2,0,3),(43508286,8286,4350,16,0,0,0,0,2,2,4),(43509119,9119,4350,97,14,11,13,19,14,8,6),(43509186,9186,4350,61,0,2,3,7,1,8,8),(43529186,9186,4352,8,0,0,0,0,0,1,0),(43589185,9185,4358,80,6,8,8,8,13,3,5),(43759119,9119,4375,31,1,2,2,2,2,2,1),(44409119,9119,4440,86,3,14,12,14,3,2,7),(44509687,9687,4450,5,0,0,2,2,0,0,0),(45009185,9185,4500,45,1,7,3,5,5,5,2),(45309185,9185,4530,299,7,7,32,41,33,37,26),(45319185,9185,4531,49,0,0,7,7,5,1,1),(68008365,8365,6800,47,0,0,0,0,1,3,4),(68008366,8366,6800,156,15,19,25,22,18,10,7),(68009098,9098,6800,291,51,48,57,35,28,14,16),(68009119,9119,6800,330,42,66,57,42,34,19,22),(68009189,9189,6800,318,38,60,58,62,26,21,13),(68009885,9885,6800,153,17,17,16,19,12,9,9),(150091211,9121,1500,828,156,172,163,81,52,29,34),(150091212,9121,1500,434,82,67,70,55,44,22,18),(306091191,9119,3060,795,95,113,126,109,95,65,47),(306091192,9119,3060,103,15,20,16,15,4,3,6),(313091191,9119,3130,1148,171,182,198,129,89,62,46),(313091192,9119,3130,273,33,48,46,30,34,21,14),(313098851,9885,3130,41,0,0,0,0,0,2,1);
/*!40000 ALTER TABLE `inscritosporidade` ENABLE KEYS */;
UNLOCK TABLES;

--
-- Table structure for table `instituicaoensinosuperiorhascurso`
--

DROP TABLE IF EXISTS `instituicaoensinosuperiorhascurso`;
/*!40101 SET @saved_cs_client     = @@character_set_client */;
/*!50503 SET character_set_client = utf8mb4 */;
CREATE TABLE `instituicaoensinosuperiorhascurso` (
  `Curso_id_curso` int(11) NOT NULL,
  `InstituicaoEnsinoSuperior_id_instituicao_ensino` int(11) NOT NULL,
  KEY `fk_InstituicaoEnsinoSuperiorHasCurso_Curso1_idx` (`Curso_id_curso`),
  KEY `fk_InstituicaoEnsinoSuperiorHasCurso_InstituicaoEnsinoSuper_idx` (`InstituicaoEnsinoSuperior_id_instituicao_ensino`),
  CONSTRAINT `fk_InstituicaoEnsinoSuperiorHasCurso_Curso1` FOREIGN KEY (`Curso_id_curso`) REFERENCES `curso` (`id_curso`),
  CONSTRAINT `fk_InstituicaoEnsinoSuperiorHasCurso_InstituicaoEnsinoSuperior1` FOREIGN KEY (`InstituicaoEnsinoSuperior_id_instituicao_ensino`) REFERENCES `ensinosuperior` (`id_instituicao_ensino`)
) ENGINE=InnoDB DEFAULT CHARSET=utf8;
/*!40101 SET character_set_client = @saved_cs_client */;

--
-- Dumping data for table `instituicaoensinosuperiorhascurso`
--

LOCK TABLES `instituicaoensinosuperiorhascurso` WRITE;
/*!40000 ALTER TABLE `instituicaoensinosuperiorhascurso` DISABLE KEYS */;
/*!40000 ALTER TABLE `instituicaoensinosuperiorhascurso` ENABLE KEYS */;
UNLOCK TABLES;

--
-- Table structure for table `linkedin`
--

DROP TABLE IF EXISTS `linkedin`;
/*!40101 SET @saved_cs_client     = @@character_set_client */;
/*!50503 SET character_set_client = utf8mb4 */;
CREATE TABLE `linkedin` (
  `id_LinkedIn` int(11) NOT NULL,
  `num_seguidores` int(11) DEFAULT NULL,
  `vagas_junior` int(11) DEFAULT NULL,
  `vagas_estagio` int(11) DEFAULT NULL,
  `vagas_assitente` int(11) DEFAULT NULL,
  `vagas_ti` int(11) DEFAULT NULL,
  PRIMARY KEY (`id_LinkedIn`)
) ENGINE=InnoDB DEFAULT CHARSET=utf8;
/*!40101 SET character_set_client = @saved_cs_client */;

--
-- Dumping data for table `linkedin`
--

LOCK TABLES `linkedin` WRITE;
/*!40000 ALTER TABLE `linkedin` DISABLE KEYS */;
INSERT INTO `linkedin` VALUES (500068801,7801257,26,467,2484,4280),(500074372,23350,8,1,2,12),(500366039,14784,3,0,0,3),(501551557,6592,23,0,40,42),(501573704,5401,36,0,46,61),(501774360,66932,3,0,0,5),(501854371,4583,0,0,12,10),(501968326,4422,30,0,4,33),(502064200,4828,1,0,0,0),(502186771,4878725,100,16,46,483),(502443855,4972760,2831,9,5180,10645),(502479418,36272,9,0,14,11),(502829257,2127477,2421,28,2942,4576),(502980826,2928,12,0,8,18),(503222364,493209,39,1,5,96),(503412031,7803,34,2,59,66),(503470120,3165,0,0,0,2),(503502537,36276,9,0,14,11),(503541320,36272,9,0,14,11),(503670693,3526,0,0,1,1),(503882887,29302,10,0,1,13),(503961175,2278205,127,0,28,1084),(504079190,66932,3,0,0,5),(504150014,12242,0,0,1,0),(504272179,584966,1576,39,286,1595),(504551221,9003,39,0,70,92),(504705610,18153,0,0,0,0),(504727060,2936389,5,0,4,788),(504761013,2116,2,0,5,3),(504825917,834,0,0,5,4),(504857312,66941,3,0,0,5),(505089971,228,0,0,0,0),(505107546,30747,0,0,1,2),(505116812,8539,0,0,3,0),(505128985,19752,114,1,184,261),(505187299,1945,2,0,7,9),(505205939,5835,0,0,7,6),(505350173,19133,3,0,0,6),(505377691,377,0,0,0,0),(506176142,493209,39,1,5,96),(506204650,468233,36,3,34,206),(506305716,4736,0,0,5,5),(506360237,2879,0,0,0,0),(506396010,30817,0,0,1,1),(507058917,5070,0,0,0,0),(507107381,34817,0,0,0,0),(507117336,4795,0,0,0,0),(507246152,5791,39,1,44,65),(507291727,7168,0,0,0,0),(507431073,6390,34,0,157,163),(507678672,60367,87,6,37,54),(507969332,4620,31,0,59,72),(508069491,1243,0,0,0,0),(508123585,7321,139,0,30,146),(508202531,5346,6,0,6,11),(508453488,8969,21,4,35,30),(508823617,5801,174,0,274,375),(508966752,7938,2,0,0,5),(509255310,2894,1,0,5,5),(509364730,7996,52,0,167,171),(509834370,5261,2,0,0,3),(510070833,4196,34,0,68,85),(510148301,20649,0,0,0,0),(510303811,4334,17,0,7,19),(510336973,3748,45,0,119,136),(510480209,2018,1,0,0,2),(510722920,5390,39,4,54,73),(510728189,5112,0,0,4,4),(510830536,11484,12,1,4,15),(510852254,13158,36,2,16,21),(513063145,16979,12,0,45,61),(513199560,7375,4,0,95,72),(513266488,5737,160,0,532,576),(513418210,4569,0,0,0,0),(513435344,3108,0,0,2,1),(513945342,44799,1,10,2,5),(514139927,468236,34,3,32,196),(980540488,111016,418,124,342,131),(980566797,120816,7,4,0,16),(980595304,8517,18,0,0,40);
/*!40000 ALTER TABLE `linkedin` ENABLE KEYS */;
UNLOCK TABLES;

--
-- Table structure for table `matriculadoscna`
--

DROP TABLE IF EXISTS `matriculadoscna`;
/*!40101 SET @saved_cs_client     = @@character_set_client */;
/*!50503 SET character_set_client = utf8mb4 */;
CREATE TABLE `matriculadoscna` (
  `id_matriculados_cna` int(11) NOT NULL,
  `cod_curso` int(11) DEFAULT NULL,
  `cod_estabelecimento` int(11) DEFAULT NULL,
  `num_matriculados_cna_2016` int(11) DEFAULT NULL,
  `num_matriculados_cna_2017` int(11) DEFAULT NULL,
  `num_matriculados_cna_2018` int(11) DEFAULT NULL,
  PRIMARY KEY (`id_matriculados_cna`),
  UNIQUE KEY `id_matriculados_cna_UNIQUE` (`id_matriculados_cna`)
) ENGINE=InnoDB DEFAULT CHARSET=utf8;
/*!40101 SET character_set_client = @saved_cs_client */;

--
-- Dumping data for table `matriculadoscna`
--

LOCK TABLES `matriculadoscna` WRITE;
/*!40000 ALTER TABLE `matriculadoscna` DISABLE KEYS */;
INSERT INTO `matriculadoscna` VALUES (9005,5,900,169,171,169),(10005,5,1000,150,160,171),(10007,7,1000,35,35,38),(40042,42,400,25,25,17),(150079,79,1500,64,62,64),(311052,52,3110,78,80,80),(313071,71,3130,30,29,29),(1009384,9384,100,17,13,13),(2009119,9119,200,55,66,69),(3008016,8016,300,18,21,23),(3009119,9119,300,50,50,54),(3009215,9215,300,63,67,66),(3110119,119,3110,30,30,30),(4009119,9119,400,65,65,65),(5009119,9119,500,116,120,130),(6009119,9119,600,40,42,45),(9008259,8259,900,38,41,37),(11009459,9459,1100,117,117,117),(12009119,9119,1200,55,65,105),(13009119,9119,1300,65,60,75),(15009098,9098,1500,55,55,55),(15009119,9119,1500,106,105,103),(30209119,9119,3020,26,41,16),(30409119,9119,3040,47,73,55),(30509119,9119,3050,40,44,39),(30509248,9248,3050,3,9,2),(30609186,9186,3060,45,42,43),(30609770,9770,3060,15,15,18),(30609885,9885,3060,19,19,20),(30909119,9119,3090,34,41,19),(31009119,9119,3100,92,101,101),(31009885,9885,3100,29,30,28),(31109121,9121,3110,116,120,118),(31209119,9119,3120,8,25,8),(31308288,8288,3130,14,19,14),(31308398,8398,3130,20,18,19),(31409185,9185,3140,19,33,21),(31509119,9119,3150,65,64,64),(31509687,9687,3150,7,20,12),(31609119,9119,3160,61,56,65),(31809119,9119,3180,59,66,66),(31809122,9122,3180,8,16,8),(31809168,9168,3180,8,9,6),(32401430,143,3240,0,3,4),(32409119,9119,3240,41,49,46),(68008366,8366,6800,36,35,35),(68009098,9098,6800,60,60,60),(68009119,9119,6800,60,60,60),(68009189,9189,6800,60,59,60),(68009885,9885,6800,35,35,35),(150091211,9121,1500,170,170,170),(150091212,9121,1500,90,90,90),(306091191,9119,3060,139,139,141),(306091192,9119,3060,25,29,25),(313091191,9119,3130,210,200,200),(313091192,9119,3130,60,59,60);
/*!40000 ALTER TABLE `matriculadoscna` ENABLE KEYS */;
UNLOCK TABLES;

--
-- Table structure for table `mediasalarial`
--

DROP TABLE IF EXISTS `mediasalarial`;
/*!40101 SET @saved_cs_client     = @@character_set_client */;
/*!50503 SET character_set_client = utf8mb4 */;
CREATE TABLE `mediasalarial` (
  `id_media_salarial` int(11) NOT NULL,
  `media_salarial_min` int(11) DEFAULT NULL,
  `media_salarial_max` int(11) DEFAULT NULL,
  PRIMARY KEY (`id_media_salarial`)
) ENGINE=InnoDB DEFAULT CHARSET=utf8;
/*!40101 SET character_set_client = @saved_cs_client */;

--
-- Dumping data for table `mediasalarial`
--

LOCK TABLES `mediasalarial` WRITE;
/*!40000 ALTER TABLE `mediasalarial` DISABLE KEYS */;
INSERT INTO `mediasalarial` VALUES (500068801,1866,2066),(500074372,1933,2133),(500366039,800,1000),(501551557,900,1100),(501573704,1140,1340),(501774360,1287,1487),(501854371,0,0),(501968326,0,0),(502064200,0,0),(502186771,0,0),(502443855,1191,1391),(502479418,1123,1323),(502829257,1088,1288),(502980826,1200,1400),(503222364,1454,1654),(503412031,1400,1600),(503470120,1400,1600),(503502537,1123,1323),(503541320,1123,1323),(503670693,0,0),(503882887,1263,1463),(503961175,0,0),(504079190,1287,1487),(504150014,0,0),(504272179,1142,1342),(504551221,920,1120),(504705610,1066,1266),(504727060,0,0),(504761013,0,0),(504825917,1200,1400),(504857312,1287,1487),(505089971,1400,1600),(505107546,2000,2200),(505116812,1384,1584),(505128985,1000,1200),(505187299,0,0),(505205939,1650,1850),(505350173,2400,2600),(505377691,0,0),(506176142,1454,1654),(506204650,1282,1482),(506305716,0,0),(506360237,1400,1600),(506396010,1050,1250),(507058917,0,0),(507107381,2200,2400),(507117336,1100,1300),(507246152,1133,1333),(507291727,1242,1442),(507431073,0,0),(507678672,0,0),(507969332,1375,1575),(508069491,1720,1920),(508123585,1116,1316),(508202531,0,0),(508453488,1075,1275),(508823617,1720,1920),(508966752,1100,1300),(509255310,800,1000),(509364730,1000,1200),(509834370,933,1133),(510070833,1600,1800),(510148301,1840,2040),(510303811,1000,1200),(510336973,1020,1220),(510480209,1166,1366),(510722920,1200,1400),(510728189,800,1000),(510830536,1238,1438),(510852254,2500,2700),(513063145,1112,1312),(513199560,1500,1700),(513266488,0,0),(513418210,1466,1666),(513435344,600,800),(513945342,1250,1450),(514139927,1282,1482),(980540488,0,0),(980566797,1242,1442),(980595304,0,0);
/*!40000 ALTER TABLE `mediasalarial` ENABLE KEYS */;
UNLOCK TABLES;

--
-- Table structure for table `sede_localidade`
--

DROP TABLE IF EXISTS `sede_localidade`;
/*!40101 SET @saved_cs_client     = @@character_set_client */;
/*!50503 SET character_set_client = utf8mb4 */;
CREATE TABLE `sede_localidade` (
  `id_Localidades_Empresas_InstituicaoEnsinoSup` int(11) NOT NULL AUTO_INCREMENT,
  `distrito` varchar(45) DEFAULT NULL,
  `localidade` varchar(45) DEFAULT NULL,
  `nif_empresas` int(11) DEFAULT NULL,
  `cod_estabelecimento_ensinosup` int(11) DEFAULT NULL,
  PRIMARY KEY (`id_Localidades_Empresas_InstituicaoEnsinoSup`)
) ENGINE=InnoDB AUTO_INCREMENT=709 DEFAULT CHARSET=utf8;
/*!40101 SET character_set_client = @saved_cs_client */;

--
-- Dumping data for table `sede_localidade`
--

LOCK TABLES `sede_localidade` WRITE;
/*!40000 ALTER TABLE `sede_localidade` DISABLE KEYS */;
INSERT INTO `sede_localidade` VALUES (1,'Aveiro','Aveiro',504705610,300),(2,'Aveiro','Aveiro',504825917,300),(3,'Aveiro','Ílhavo',513266488,300),(4,'Braga','Barral',507107381,1000),(5,'Braga','Braga',501854371,1000),(6,'Funchal','Funchal',502064200,1300),(7,'Funchal','Funchal',510336973,1300),(8,'Leiria','Leiria',501968326,3100),(9,'Lisboa','Amadora',501551557,900),(10,'Lisboa','Amadora',503222364,900),(11,'Lisboa','Amadora',506176142,900),(12,'Lisboa','Carnaxide',505350173,900),(13,'Lisboa','Carnaxide',510728189,900),(14,'Lisboa','Linhó',502479418,900),(15,'Lisboa','Linhó',503502537,900),(16,'Lisboa','Linhó',503541320,900),(17,'Lisboa','Lisboa',500068801,900),(18,'Lisboa','Lisboa',500074372,900),(19,'Lisboa','Lisboa',500366039,900),(20,'Lisboa','Lisboa',501774360,900),(21,'Lisboa','Lisboa',502443855,900),(22,'Lisboa','Lisboa',502829257,900),(23,'Lisboa','Lisboa',502980826,900),(24,'Lisboa','Lisboa',503412031,900),(25,'Lisboa','Lisboa',503470120,900),(26,'Lisboa','Lisboa',504079190,900),(27,'Lisboa','Lisboa',504150014,900),(28,'Lisboa','Lisboa',504272179,900),(29,'Lisboa','Lisboa',504551221,900),(30,'Lisboa','Lisboa',504857312,900),(31,'Lisboa','Lisboa',505107546,900),(32,'Lisboa','Lisboa',505116812,900),(33,'Lisboa','Lisboa',505128985,900),(34,'Lisboa','Lisboa',505205939,900),(35,'Lisboa','Lisboa',505377691,900),(36,'Lisboa','Lisboa',506204650,900),(37,'Lisboa','Lisboa',506360237,900),(38,'Lisboa','Lisboa',506396010,900),(39,'Lisboa','Lisboa',507117336,900),(40,'Lisboa','Lisboa',507246152,900),(41,'Lisboa','Lisboa',507431073,900),(42,'Lisboa','Lisboa',507969332,900),(43,'Lisboa','Lisboa',508069491,900),(44,'Lisboa','Lisboa',508123585,900),(45,'Lisboa','Lisboa',508202531,900),(46,'Lisboa','Lisboa',508453488,900),(47,'Lisboa','Lisboa',508823617,900),(48,'Lisboa','Lisboa',508966752,900),(49,'Lisboa','Lisboa',509364730,900),(50,'Lisboa','Lisboa',510070833,900),(51,'Lisboa','Lisboa',510303811,900),(52,'Lisboa','Lisboa',510722920,900),(53,'Lisboa','Lisboa',510830536,900),(54,'Lisboa','Lisboa',510852254,900),(55,'Lisboa','Lisboa',513063145,900),(56,'Lisboa','Lisboa',513418210,900),(57,'Lisboa','Lisboa',514139927,900),(58,'Lisboa','Lisboa',980540488,900),(59,'Lisboa','Lisboa',980595304,900),(60,'Lisboa','Miraflores',503882887,900),(61,'Lisboa','Miraflores',507678672,900),(62,'Lisboa','Odivelas',505187299,900),(63,'Lisboa','Pontinha',503670693,900),(64,'Lisboa','Porto Salvo',502186771,900),(65,'Lisboa','Porto Salvo',504727060,900),(66,'Lisboa','Porto Salvo',504761013,900),(67,'Lisboa','Porto Salvo',510480209,900),(68,'Lisboa','Amadora',501551557,4350),(69,'Lisboa','Amadora',503222364,4350),(70,'Lisboa','Amadora',506176142,4350),(71,'Lisboa','Carnaxide',505350173,4350),(72,'Lisboa','Carnaxide',510728189,4350),(73,'Lisboa','Linhó',502479418,4350),(74,'Lisboa','Linhó',503502537,4350),(75,'Lisboa','Linhó',503541320,4350),(76,'Lisboa','Lisboa',500068801,4350),(77,'Lisboa','Lisboa',500074372,4350),(78,'Lisboa','Lisboa',500366039,4350),(79,'Lisboa','Lisboa',501774360,4350),(80,'Lisboa','Lisboa',502443855,4350),(81,'Lisboa','Lisboa',502829257,4350),(82,'Lisboa','Lisboa',502980826,4350),(83,'Lisboa','Lisboa',503412031,4350),(84,'Lisboa','Lisboa',503470120,4350),(85,'Lisboa','Lisboa',504079190,4350),(86,'Lisboa','Lisboa',504150014,4350),(87,'Lisboa','Lisboa',504272179,4350),(88,'Lisboa','Lisboa',504551221,4350),(89,'Lisboa','Lisboa',504857312,4350),(90,'Lisboa','Lisboa',505107546,4350),(91,'Lisboa','Lisboa',505116812,4350),(92,'Lisboa','Lisboa',505128985,4350),(93,'Lisboa','Lisboa',505205939,4350),(94,'Lisboa','Lisboa',505377691,4350),(95,'Lisboa','Lisboa',506204650,4350),(96,'Lisboa','Lisboa',506360237,4350),(97,'Lisboa','Lisboa',506396010,4350),(98,'Lisboa','Lisboa',507117336,4350),(99,'Lisboa','Lisboa',507246152,4350),(100,'Lisboa','Lisboa',507431073,4350),(101,'Lisboa','Lisboa',507969332,4350),(102,'Lisboa','Lisboa',508069491,4350),(103,'Lisboa','Lisboa',508123585,4350),(104,'Lisboa','Lisboa',508202531,4350),(105,'Lisboa','Lisboa',508453488,4350),(106,'Lisboa','Lisboa',508823617,4350),(107,'Lisboa','Lisboa',508966752,4350),(108,'Lisboa','Lisboa',509364730,4350),(109,'Lisboa','Lisboa',510070833,4350),(110,'Lisboa','Lisboa',510303811,4350),(111,'Lisboa','Lisboa',510722920,4350),(112,'Lisboa','Lisboa',510830536,4350),(113,'Lisboa','Lisboa',510852254,4350),(114,'Lisboa','Lisboa',513063145,4350),(115,'Lisboa','Lisboa',513418210,4350),(116,'Lisboa','Lisboa',514139927,4350),(117,'Lisboa','Lisboa',980540488,4350),(118,'Lisboa','Lisboa',980595304,4350),(119,'Lisboa','Miraflores',503882887,4350),(120,'Lisboa','Miraflores',507678672,4350),(121,'Lisboa','Odivelas',505187299,4350),(122,'Lisboa','Pontinha',503670693,4350),(123,'Lisboa','Porto Salvo',502186771,4350),(124,'Lisboa','Porto Salvo',504727060,4350),(125,'Lisboa','Porto Salvo',504761013,4350),(126,'Lisboa','Porto Salvo',510480209,4350),(127,'Lisboa','Amadora',501551557,6800),(128,'Lisboa','Amadora',503222364,6800),(129,'Lisboa','Amadora',506176142,6800),(130,'Lisboa','Carnaxide',505350173,6800),(131,'Lisboa','Carnaxide',510728189,6800),(132,'Lisboa','Linhó',502479418,6800),(133,'Lisboa','Linhó',503502537,6800),(134,'Lisboa','Linhó',503541320,6800),(135,'Lisboa','Lisboa',500068801,6800),(136,'Lisboa','Lisboa',500074372,6800),(137,'Lisboa','Lisboa',500366039,6800),(138,'Lisboa','Lisboa',501774360,6800),(139,'Lisboa','Lisboa',502443855,6800),(140,'Lisboa','Lisboa',502829257,6800),(141,'Lisboa','Lisboa',502980826,6800),(142,'Lisboa','Lisboa',503412031,6800),(143,'Lisboa','Lisboa',503470120,6800),(144,'Lisboa','Lisboa',504079190,6800),(145,'Lisboa','Lisboa',504150014,6800),(146,'Lisboa','Lisboa',504272179,6800),(147,'Lisboa','Lisboa',504551221,6800),(148,'Lisboa','Lisboa',504857312,6800),(149,'Lisboa','Lisboa',505107546,6800),(150,'Lisboa','Lisboa',505116812,6800),(151,'Lisboa','Lisboa',505128985,6800),(152,'Lisboa','Lisboa',505205939,6800),(153,'Lisboa','Lisboa',505377691,6800),(154,'Lisboa','Lisboa',506204650,6800),(155,'Lisboa','Lisboa',506360237,6800),(156,'Lisboa','Lisboa',506396010,6800),(157,'Lisboa','Lisboa',507117336,6800),(158,'Lisboa','Lisboa',507246152,6800),(159,'Lisboa','Lisboa',507431073,6800),(160,'Lisboa','Lisboa',507969332,6800),(161,'Lisboa','Lisboa',508069491,6800),(162,'Lisboa','Lisboa',508123585,6800),(163,'Lisboa','Lisboa',508202531,6800),(164,'Lisboa','Lisboa',508453488,6800),(165,'Lisboa','Lisboa',508823617,6800),(166,'Lisboa','Lisboa',508966752,6800),(167,'Lisboa','Lisboa',509364730,6800),(168,'Lisboa','Lisboa',510070833,6800),(169,'Lisboa','Lisboa',510303811,6800),(170,'Lisboa','Lisboa',510722920,6800),(171,'Lisboa','Lisboa',510830536,6800),(172,'Lisboa','Lisboa',510852254,6800),(173,'Lisboa','Lisboa',513063145,6800),(174,'Lisboa','Lisboa',513418210,6800),(175,'Lisboa','Lisboa',514139927,6800),(176,'Lisboa','Lisboa',980540488,6800),(177,'Lisboa','Lisboa',980595304,6800),(178,'Lisboa','Miraflores',503882887,6800),(179,'Lisboa','Miraflores',507678672,6800),(180,'Lisboa','Odivelas',505187299,6800),(181,'Lisboa','Pontinha',503670693,6800),(182,'Lisboa','Porto Salvo',502186771,6800),(183,'Lisboa','Porto Salvo',504727060,6800),(184,'Lisboa','Porto Salvo',504761013,6800),(185,'Lisboa','Porto Salvo',510480209,6800),(186,'Porto','Leça do Balio',509834370,1100),(187,'Porto','Maia',503961175,1100),(188,'Porto','Maia',505089971,1100),(189,'Porto','Matosinhos',506305716,1100),(190,'Porto','Porto',501573704,1100),(191,'Porto','Porto',507058917,1100),(192,'Porto','Porto',507291727,1100),(193,'Porto','Porto',509255310,1100),(194,'Porto','Porto',510148301,1100),(195,'Porto','Porto',513199560,1100),(196,'Porto','Porto',513435344,1100),(197,'Porto','Porto',513945342,1100),(198,'Porto','Porto',980566797,1100),(199,'Porto','Leça do Balio',509834370,3130),(200,'Porto','Maia',503961175,3130),(201,'Porto','Maia',505089971,3130),(202,'Porto','Matosinhos',506305716,3130),(203,'Porto','Porto',501573704,3130),(204,'Porto','Porto',507058917,3130),(205,'Porto','Porto',507291727,3130),(206,'Porto','Porto',509255310,3130),(207,'Porto','Porto',510148301,3130),(208,'Porto','Porto',513199560,3130),(209,'Porto','Porto',513435344,3130),(210,'Porto','Porto',513945342,3130),(211,'Porto','Porto',980566797,3130),(212,'Porto','Leça do Balio',509834370,4580),(213,'Porto','Maia',503961175,4580),(214,'Porto','Maia',505089971,4580),(215,'Porto','Matosinhos',506305716,4580),(216,'Porto','Porto',501573704,4580),(217,'Porto','Porto',507058917,4580),(218,'Porto','Porto',507291727,4580),(219,'Porto','Porto',509255310,4580),(220,'Porto','Porto',510148301,4580),(221,'Porto','Porto',513199560,4580),(222,'Porto','Porto',513435344,4580),(223,'Porto','Porto',513945342,4580),(224,'Porto','Porto',980566797,4580),(225,'Porto','Leça do Balio',509834370,4358),(226,'Porto','Maia',503961175,4358),(227,'Porto','Maia',505089971,4358),(228,'Porto','Matosinhos',506305716,4358),(229,'Porto','Porto',501573704,4358),(230,'Porto','Porto',507058917,4358),(231,'Porto','Porto',507291727,4358),(232,'Porto','Porto',509255310,4358),(233,'Porto','Porto',510148301,4358),(234,'Porto','Porto',513199560,4358),(235,'Porto','Porto',513435344,4358),(236,'Porto','Porto',513945342,4358),(237,'Porto','Porto',980566797,4358),(238,'Lisboa','Amadora',501551557,3110),(239,'Lisboa','Amadora',503222364,3110),(240,'Lisboa','Amadora',506176142,3110),(241,'Lisboa','Carnaxide',505350173,3110),(242,'Lisboa','Carnaxide',510728189,3110),(243,'Lisboa','Linhó',502479418,3110),(244,'Lisboa','Linhó',503502537,3110),(245,'Lisboa','Linhó',503541320,3110),(246,'Lisboa','Lisboa',500068801,3110),(247,'Lisboa','Lisboa',500074372,3110),(248,'Lisboa','Lisboa',500366039,3110),(249,'Lisboa','Lisboa',501774360,3110),(250,'Lisboa','Lisboa',502443855,3110),(251,'Lisboa','Lisboa',502829257,3110),(252,'Lisboa','Lisboa',502980826,3110),(253,'Lisboa','Lisboa',503412031,3110),(254,'Lisboa','Lisboa',503470120,3110),(255,'Lisboa','Lisboa',504079190,3110),(256,'Lisboa','Lisboa',504150014,3110),(257,'Lisboa','Lisboa',504272179,3110),(258,'Lisboa','Lisboa',504551221,3110),(259,'Lisboa','Lisboa',504857312,3110),(260,'Lisboa','Lisboa',505107546,3110),(261,'Lisboa','Lisboa',505116812,3110),(262,'Lisboa','Lisboa',505128985,3110),(263,'Lisboa','Lisboa',505205939,3110),(264,'Lisboa','Lisboa',505377691,3110),(265,'Lisboa','Lisboa',506204650,3110),(266,'Lisboa','Lisboa',506360237,3110),(267,'Lisboa','Lisboa',506396010,3110),(268,'Lisboa','Lisboa',507117336,3110),(269,'Lisboa','Lisboa',507246152,3110),(270,'Lisboa','Lisboa',507431073,3110),(271,'Lisboa','Lisboa',507969332,3110),(272,'Lisboa','Lisboa',508069491,3110),(273,'Lisboa','Lisboa',508123585,3110),(274,'Lisboa','Lisboa',508202531,3110),(275,'Lisboa','Lisboa',508453488,3110),(276,'Lisboa','Lisboa',508823617,3110),(277,'Lisboa','Lisboa',508966752,3110),(278,'Lisboa','Lisboa',509364730,3110),(279,'Lisboa','Lisboa',510070833,3110),(280,'Lisboa','Lisboa',510303811,3110),(281,'Lisboa','Lisboa',510722920,3110),(282,'Lisboa','Lisboa',510830536,3110),(283,'Lisboa','Lisboa',510852254,3110),(284,'Lisboa','Lisboa',513063145,3110),(285,'Lisboa','Lisboa',513418210,3110),(286,'Lisboa','Lisboa',514139927,3110),(287,'Lisboa','Lisboa',980540488,3110),(288,'Lisboa','Lisboa',980595304,3110),(289,'Lisboa','Miraflores',503882887,3110),(290,'Lisboa','Miraflores',507678672,3110),(291,'Lisboa','Odivelas',505187299,3110),(292,'Lisboa','Pontinha',503670693,3110),(293,'Lisboa','Porto Salvo',502186771,3110),(294,'Lisboa','Porto Salvo',504727060,3110),(295,'Lisboa','Porto Salvo',504761013,3110),(296,'Lisboa','Porto Salvo',510480209,3110),(297,'Lisboa','Amadora',501551557,2710),(298,'Lisboa','Amadora',503222364,2710),(299,'Lisboa','Amadora',506176142,2710),(300,'Lisboa','Carnaxide',505350173,2710),(301,'Lisboa','Carnaxide',510728189,2710),(302,'Lisboa','Linhó',502479418,2710),(303,'Lisboa','Linhó',503502537,2710),(304,'Lisboa','Linhó',503541320,2710),(305,'Lisboa','Lisboa',500068801,2710),(306,'Lisboa','Lisboa',500074372,2710),(307,'Lisboa','Lisboa',500366039,2710),(308,'Lisboa','Lisboa',501774360,2710),(309,'Lisboa','Lisboa',502443855,2710),(310,'Lisboa','Lisboa',502829257,2710),(311,'Lisboa','Lisboa',502980826,2710),(312,'Lisboa','Lisboa',503412031,2710),(313,'Lisboa','Lisboa',503470120,2710),(314,'Lisboa','Lisboa',504079190,2710),(315,'Lisboa','Lisboa',504150014,2710),(316,'Lisboa','Lisboa',504272179,2710),(317,'Lisboa','Lisboa',504551221,2710),(318,'Lisboa','Lisboa',504857312,2710),(319,'Lisboa','Lisboa',505107546,2710),(320,'Lisboa','Lisboa',505116812,2710),(321,'Lisboa','Lisboa',505128985,2710),(322,'Lisboa','Lisboa',505205939,2710),(323,'Lisboa','Lisboa',505377691,2710),(324,'Lisboa','Lisboa',506204650,2710),(325,'Lisboa','Lisboa',506360237,2710),(326,'Lisboa','Lisboa',506396010,2710),(327,'Lisboa','Lisboa',507117336,2710),(328,'Lisboa','Lisboa',507246152,2710),(329,'Lisboa','Lisboa',507431073,2710),(330,'Lisboa','Lisboa',507969332,2710),(331,'Lisboa','Lisboa',508069491,2710),(332,'Lisboa','Lisboa',508123585,2710),(333,'Lisboa','Lisboa',508202531,2710),(334,'Lisboa','Lisboa',508453488,2710),(335,'Lisboa','Lisboa',508823617,2710),(336,'Lisboa','Lisboa',508966752,2710),(337,'Lisboa','Lisboa',509364730,2710),(338,'Lisboa','Lisboa',510070833,2710),(339,'Lisboa','Lisboa',510303811,2710),(340,'Lisboa','Lisboa',510722920,2710),(341,'Lisboa','Lisboa',510830536,2710),(342,'Lisboa','Lisboa',510852254,2710),(343,'Lisboa','Lisboa',513063145,2710),(344,'Lisboa','Lisboa',513418210,2710),(345,'Lisboa','Lisboa',514139927,2710),(346,'Lisboa','Lisboa',980540488,2710),(347,'Lisboa','Lisboa',980595304,2710),(348,'Lisboa','Miraflores',503882887,2710),(349,'Lisboa','Miraflores',507678672,2710),(350,'Lisboa','Odivelas',505187299,2710),(351,'Lisboa','Pontinha',503670693,2710),(352,'Lisboa','Porto Salvo',502186771,2710),(353,'Lisboa','Porto Salvo',504727060,2710),(354,'Lisboa','Porto Salvo',504761013,2710),(355,'Lisboa','Porto Salvo',510480209,2710),(356,'Lisboa','Amadora',501551557,2800),(357,'Lisboa','Amadora',503222364,2800),(358,'Lisboa','Amadora',506176142,2800),(359,'Lisboa','Carnaxide',505350173,2800),(360,'Lisboa','Carnaxide',510728189,2800),(361,'Lisboa','Linhó',502479418,2800),(362,'Lisboa','Linhó',503502537,2800),(363,'Lisboa','Linhó',503541320,2800),(364,'Lisboa','Lisboa',500068801,2800),(365,'Lisboa','Lisboa',500074372,2800),(366,'Lisboa','Lisboa',500366039,2800),(367,'Lisboa','Lisboa',501774360,2800),(368,'Lisboa','Lisboa',502443855,2800),(369,'Lisboa','Lisboa',502829257,2800),(370,'Lisboa','Lisboa',502980826,2800),(371,'Lisboa','Lisboa',503412031,2800),(372,'Lisboa','Lisboa',503470120,2800),(373,'Lisboa','Lisboa',504079190,2800),(374,'Lisboa','Lisboa',504150014,2800),(375,'Lisboa','Lisboa',504272179,2800),(376,'Lisboa','Lisboa',504551221,2800),(377,'Lisboa','Lisboa',504857312,2800),(378,'Lisboa','Lisboa',505107546,2800),(379,'Lisboa','Lisboa',505116812,2800),(380,'Lisboa','Lisboa',505128985,2800),(381,'Lisboa','Lisboa',505205939,2800),(382,'Lisboa','Lisboa',505377691,2800),(383,'Lisboa','Lisboa',506204650,2800),(384,'Lisboa','Lisboa',506360237,2800),(385,'Lisboa','Lisboa',506396010,2800),(386,'Lisboa','Lisboa',507117336,2800),(387,'Lisboa','Lisboa',507246152,2800),(388,'Lisboa','Lisboa',507431073,2800),(389,'Lisboa','Lisboa',507969332,2800),(390,'Lisboa','Lisboa',508069491,2800),(391,'Lisboa','Lisboa',508123585,2800),(392,'Lisboa','Lisboa',508202531,2800),(393,'Lisboa','Lisboa',508453488,2800),(394,'Lisboa','Lisboa',508823617,2800),(395,'Lisboa','Lisboa',508966752,2800),(396,'Lisboa','Lisboa',509364730,2800),(397,'Lisboa','Lisboa',510070833,2800),(398,'Lisboa','Lisboa',510303811,2800),(399,'Lisboa','Lisboa',510722920,2800),(400,'Lisboa','Lisboa',510830536,2800),(401,'Lisboa','Lisboa',510852254,2800),(402,'Lisboa','Lisboa',513063145,2800),(403,'Lisboa','Lisboa',513418210,2800),(404,'Lisboa','Lisboa',514139927,2800),(405,'Lisboa','Lisboa',980540488,2800),(406,'Lisboa','Lisboa',980595304,2800),(407,'Lisboa','Miraflores',503882887,2800),(408,'Lisboa','Miraflores',507678672,2800),(409,'Lisboa','Odivelas',505187299,2800),(410,'Lisboa','Pontinha',503670693,2800),(411,'Lisboa','Porto Salvo',502186771,2800),(412,'Lisboa','Porto Salvo',504727060,2800),(413,'Lisboa','Porto Salvo',504761013,2800),(414,'Lisboa','Porto Salvo',510480209,2800),(415,'Lisboa','Amadora',501551557,1400),(416,'Lisboa','Amadora',503222364,1400),(417,'Lisboa','Amadora',506176142,1400),(418,'Lisboa','Carnaxide',505350173,1400),(419,'Lisboa','Carnaxide',510728189,1400),(420,'Lisboa','Linhó',502479418,1400),(421,'Lisboa','Linhó',503502537,1400),(422,'Lisboa','Linhó',503541320,1400),(423,'Lisboa','Lisboa',500068801,1400),(424,'Lisboa','Lisboa',500074372,1400),(425,'Lisboa','Lisboa',500366039,1400),(426,'Lisboa','Lisboa',501774360,1400),(427,'Lisboa','Lisboa',502443855,1400),(428,'Lisboa','Lisboa',502829257,1400),(429,'Lisboa','Lisboa',502980826,1400),(430,'Lisboa','Lisboa',503412031,1400),(431,'Lisboa','Lisboa',503470120,1400),(432,'Lisboa','Lisboa',504079190,1400),(433,'Lisboa','Lisboa',504150014,1400),(434,'Lisboa','Lisboa',504272179,1400),(435,'Lisboa','Lisboa',504551221,1400),(436,'Lisboa','Lisboa',504857312,1400),(437,'Lisboa','Lisboa',505107546,1400),(438,'Lisboa','Lisboa',505116812,1400),(439,'Lisboa','Lisboa',505128985,1400),(440,'Lisboa','Lisboa',505205939,1400),(441,'Lisboa','Lisboa',505377691,1400),(442,'Lisboa','Lisboa',506204650,1400),(443,'Lisboa','Lisboa',506360237,1400),(444,'Lisboa','Lisboa',506396010,1400),(445,'Lisboa','Lisboa',507117336,1400),(446,'Lisboa','Lisboa',507246152,1400),(447,'Lisboa','Lisboa',507431073,1400),(448,'Lisboa','Lisboa',507969332,1400),(449,'Lisboa','Lisboa',508069491,1400),(450,'Lisboa','Lisboa',508123585,1400),(451,'Lisboa','Lisboa',508202531,1400),(452,'Lisboa','Lisboa',508453488,1400),(453,'Lisboa','Lisboa',508823617,1400),(454,'Lisboa','Lisboa',508966752,1400),(455,'Lisboa','Lisboa',509364730,1400),(456,'Lisboa','Lisboa',510070833,1400),(457,'Lisboa','Lisboa',510303811,1400),(458,'Lisboa','Lisboa',510722920,1400),(459,'Lisboa','Lisboa',510830536,1400),(460,'Lisboa','Lisboa',510852254,1400),(461,'Lisboa','Lisboa',513063145,1400),(462,'Lisboa','Lisboa',513418210,1400),(463,'Lisboa','Lisboa',514139927,1400),(464,'Lisboa','Lisboa',980540488,1400),(465,'Lisboa','Lisboa',980595304,1400),(466,'Lisboa','Miraflores',503882887,1400),(467,'Lisboa','Miraflores',507678672,1400),(468,'Lisboa','Odivelas',505187299,1400),(469,'Lisboa','Pontinha',503670693,1400),(470,'Lisboa','Porto Salvo',502186771,1400),(471,'Lisboa','Porto Salvo',504727060,1400),(472,'Lisboa','Porto Salvo',504761013,1400),(473,'Lisboa','Porto Salvo',510480209,1400),(474,'Lisboa','Amadora',501551557,2100),(475,'Lisboa','Amadora',503222364,2100),(476,'Lisboa','Amadora',506176142,2100),(477,'Lisboa','Carnaxide',505350173,2100),(478,'Lisboa','Carnaxide',510728189,2100),(479,'Lisboa','Linhó',502479418,2100),(480,'Lisboa','Linhó',503502537,2100),(481,'Lisboa','Linhó',503541320,2100),(482,'Lisboa','Lisboa',500068801,2100),(483,'Lisboa','Lisboa',500074372,2100),(484,'Lisboa','Lisboa',500366039,2100),(485,'Lisboa','Lisboa',501774360,2100),(486,'Lisboa','Lisboa',502443855,2100),(487,'Lisboa','Lisboa',502829257,2100),(488,'Lisboa','Lisboa',502980826,2100),(489,'Lisboa','Lisboa',503412031,2100),(490,'Lisboa','Lisboa',503470120,2100),(491,'Lisboa','Lisboa',504079190,2100),(492,'Lisboa','Lisboa',504150014,2100),(493,'Lisboa','Lisboa',504272179,2100),(494,'Lisboa','Lisboa',504551221,2100),(495,'Lisboa','Lisboa',504857312,2100),(496,'Lisboa','Lisboa',505107546,2100),(497,'Lisboa','Lisboa',505116812,2100),(498,'Lisboa','Lisboa',505128985,2100),(499,'Lisboa','Lisboa',505205939,2100),(500,'Lisboa','Lisboa',505377691,2100),(501,'Lisboa','Lisboa',506204650,2100),(502,'Lisboa','Lisboa',506360237,2100),(503,'Lisboa','Lisboa',506396010,2100),(504,'Lisboa','Lisboa',507117336,2100),(505,'Lisboa','Lisboa',507246152,2100),(506,'Lisboa','Lisboa',507431073,2100),(507,'Lisboa','Lisboa',507969332,2100),(508,'Lisboa','Lisboa',508069491,2100),(509,'Lisboa','Lisboa',508123585,2100),(510,'Lisboa','Lisboa',508202531,2100),(511,'Lisboa','Lisboa',508453488,2100),(512,'Lisboa','Lisboa',508823617,2100),(513,'Lisboa','Lisboa',508966752,2100),(514,'Lisboa','Lisboa',509364730,2100),(515,'Lisboa','Lisboa',510070833,2100),(516,'Lisboa','Lisboa',510303811,2100),(517,'Lisboa','Lisboa',510722920,2100),(518,'Lisboa','Lisboa',510830536,2100),(519,'Lisboa','Lisboa',510852254,2100),(520,'Lisboa','Lisboa',513063145,2100),(521,'Lisboa','Lisboa',513418210,2100),(522,'Lisboa','Lisboa',514139927,2100),(523,'Lisboa','Lisboa',980540488,2100),(524,'Lisboa','Lisboa',980595304,2100),(525,'Lisboa','Miraflores',503882887,2100),(526,'Lisboa','Miraflores',507678672,2100),(527,'Lisboa','Odivelas',505187299,2100),(528,'Lisboa','Pontinha',503670693,2100),(529,'Lisboa','Porto Salvo',502186771,2100),(530,'Lisboa','Porto Salvo',504727060,2100),(531,'Lisboa','Porto Salvo',504761013,2100),(532,'Lisboa','Porto Salvo',510480209,2100),(533,'Lisboa','Amadora',501551557,2200),(534,'Lisboa','Amadora',503222364,2200),(535,'Lisboa','Amadora',506176142,2200),(536,'Lisboa','Carnaxide',505350173,2200),(537,'Lisboa','Carnaxide',510728189,2200),(538,'Lisboa','Linhó',502479418,2200),(539,'Lisboa','Linhó',503502537,2200),(540,'Lisboa','Linhó',503541320,2200),(541,'Lisboa','Lisboa',500068801,2200),(542,'Lisboa','Lisboa',500074372,2200),(543,'Lisboa','Lisboa',500366039,2200),(544,'Lisboa','Lisboa',501774360,2200),(545,'Lisboa','Lisboa',502443855,2200),(546,'Lisboa','Lisboa',502829257,2200),(547,'Lisboa','Lisboa',502980826,2200),(548,'Lisboa','Lisboa',503412031,2200),(549,'Lisboa','Lisboa',503470120,2200),(550,'Lisboa','Lisboa',504079190,2200),(551,'Lisboa','Lisboa',504150014,2200),(552,'Lisboa','Lisboa',504272179,2200),(553,'Lisboa','Lisboa',504551221,2200),(554,'Lisboa','Lisboa',504857312,2200),(555,'Lisboa','Lisboa',505107546,2200),(556,'Lisboa','Lisboa',505116812,2200),(557,'Lisboa','Lisboa',505128985,2200),(558,'Lisboa','Lisboa',505205939,2200),(559,'Lisboa','Lisboa',505377691,2200),(560,'Lisboa','Lisboa',506204650,2200),(561,'Lisboa','Lisboa',506360237,2200),(562,'Lisboa','Lisboa',506396010,2200),(563,'Lisboa','Lisboa',507117336,2200),(564,'Lisboa','Lisboa',507246152,2200),(565,'Lisboa','Lisboa',507431073,2200),(566,'Lisboa','Lisboa',507969332,2200),(567,'Lisboa','Lisboa',508069491,2200),(568,'Lisboa','Lisboa',508123585,2200),(569,'Lisboa','Lisboa',508202531,2200),(570,'Lisboa','Lisboa',508453488,2200),(571,'Lisboa','Lisboa',508823617,2200),(572,'Lisboa','Lisboa',508966752,2200),(573,'Lisboa','Lisboa',509364730,2200),(574,'Lisboa','Lisboa',510070833,2200),(575,'Lisboa','Lisboa',510303811,2200),(576,'Lisboa','Lisboa',510722920,2200),(577,'Lisboa','Lisboa',510830536,2200),(578,'Lisboa','Lisboa',510852254,2200),(579,'Lisboa','Lisboa',513063145,2200),(580,'Lisboa','Lisboa',513418210,2200),(581,'Lisboa','Lisboa',514139927,2200),(582,'Lisboa','Lisboa',980540488,2200),(583,'Lisboa','Lisboa',980595304,2200),(584,'Lisboa','Miraflores',503882887,2200),(585,'Lisboa','Miraflores',507678672,2200),(586,'Lisboa','Odivelas',505187299,2200),(587,'Lisboa','Pontinha',503670693,2200),(588,'Lisboa','Porto Salvo',502186771,2200),(589,'Lisboa','Porto Salvo',504727060,2200),(590,'Lisboa','Porto Salvo',504761013,2200),(591,'Lisboa','Porto Salvo',510480209,2200),(592,'Lisboa','Amadora',501551557,2400),(593,'Lisboa','Amadora',503222364,2400),(594,'Lisboa','Amadora',506176142,2400),(595,'Lisboa','Carnaxide',505350173,2400),(596,'Lisboa','Carnaxide',510728189,2400),(597,'Lisboa','Linhó',502479418,2400),(598,'Lisboa','Linhó',503502537,2400),(599,'Lisboa','Linhó',503541320,2400),(600,'Lisboa','Lisboa',500068801,2400),(601,'Lisboa','Lisboa',500074372,2400),(602,'Lisboa','Lisboa',500366039,2400),(603,'Lisboa','Lisboa',501774360,2400),(604,'Lisboa','Lisboa',502443855,2400),(605,'Lisboa','Lisboa',502829257,2400),(606,'Lisboa','Lisboa',502980826,2400),(607,'Lisboa','Lisboa',503412031,2400),(608,'Lisboa','Lisboa',503470120,2400),(609,'Lisboa','Lisboa',504079190,2400),(610,'Lisboa','Lisboa',504150014,2400),(611,'Lisboa','Lisboa',504272179,2400),(612,'Lisboa','Lisboa',504551221,2400),(613,'Lisboa','Lisboa',504857312,2400),(614,'Lisboa','Lisboa',505107546,2400),(615,'Lisboa','Lisboa',505116812,2400),(616,'Lisboa','Lisboa',505128985,2400),(617,'Lisboa','Lisboa',505205939,2400),(618,'Lisboa','Lisboa',505377691,2400),(619,'Lisboa','Lisboa',506204650,2400),(620,'Lisboa','Lisboa',506360237,2400),(621,'Lisboa','Lisboa',506396010,2400),(622,'Lisboa','Lisboa',507117336,2400),(623,'Lisboa','Lisboa',507246152,2400),(624,'Lisboa','Lisboa',507431073,2400),(625,'Lisboa','Lisboa',507969332,2400),(626,'Lisboa','Lisboa',508069491,2400),(627,'Lisboa','Lisboa',508123585,2400),(628,'Lisboa','Lisboa',508202531,2400),(629,'Lisboa','Lisboa',508453488,2400),(630,'Lisboa','Lisboa',508823617,2400),(631,'Lisboa','Lisboa',508966752,2400),(632,'Lisboa','Lisboa',509364730,2400),(633,'Lisboa','Lisboa',510070833,2400),(634,'Lisboa','Lisboa',510303811,2400),(635,'Lisboa','Lisboa',510722920,2400),(636,'Lisboa','Lisboa',510830536,2400),(637,'Lisboa','Lisboa',510852254,2400),(638,'Lisboa','Lisboa',513063145,2400),(639,'Lisboa','Lisboa',513418210,2400),(640,'Lisboa','Lisboa',514139927,2400),(641,'Lisboa','Lisboa',980540488,2400),(642,'Lisboa','Lisboa',980595304,2400),(643,'Lisboa','Miraflores',503882887,2400),(644,'Lisboa','Miraflores',507678672,2400),(645,'Lisboa','Odivelas',505187299,2400),(646,'Lisboa','Pontinha',503670693,2400),(647,'Lisboa','Porto Salvo',502186771,2400),(648,'Lisboa','Porto Salvo',504727060,2400),(649,'Lisboa','Porto Salvo',504761013,2400),(650,'Lisboa','Porto Salvo',510480209,2400),(651,'Porto','Leça do Balio',509834370,2200),(652,'Porto','Maia',503961175,2200),(653,'Porto','Maia',505089971,2200),(654,'Porto','Matosinhos',506305716,2200),(655,'Porto','Porto',501573704,2200),(656,'Porto','Porto',507058917,2200),(657,'Porto','Porto',507291727,2200),(658,'Porto','Porto',509255310,2200),(659,'Porto','Porto',510148301,2200),(660,'Porto','Porto',513199560,2200),(661,'Porto','Porto',513435344,2200),(662,'Porto','Porto',513945342,2200),(663,'Porto','Porto',980566797,2200),(664,'Porto','Leça do Balio',509834370,2405),(665,'Porto','Maia',503961175,2405),(666,'Porto','Maia',505089971,2405),(667,'Porto','Matosinhos',506305716,2405),(668,'Porto','Porto',501573704,2405),(669,'Porto','Porto',507058917,2405),(670,'Porto','Porto',507291727,2405),(671,'Porto','Porto',509255310,2405),(672,'Porto','Porto',510148301,2405),(673,'Porto','Porto',513199560,2405),(674,'Porto','Porto',513435344,2405),(675,'Porto','Porto',513945342,2405),(676,'Porto','Porto',980566797,2405),(677,'Porto','Leça do Balio',509834370,2500),(678,'Porto','Maia',503961175,2500),(679,'Porto','Maia',505089971,2500),(680,'Porto','Matosinhos',506305716,2500),(681,'Porto','Porto',501573704,2500),(682,'Porto','Porto',507058917,2500),(683,'Porto','Porto',507291727,2500),(684,'Porto','Porto',509255310,2500),(685,'Porto','Porto',510148301,2500),(686,'Porto','Porto',513199560,2500),(687,'Porto','Porto',513435344,2500),(688,'Porto','Porto',513945342,2500),(689,'Porto','Porto',980566797,2500),(690,'Porto','Leça do Balio',509834370,2750),(691,'Porto','Maia',503961175,2750),(692,'Porto','Maia',505089971,2750),(693,'Porto','Matosinhos',506305716,2750),(694,'Porto','Porto',501573704,2750),(695,'Porto','Porto',507058917,2750),(696,'Porto','Porto',507291727,2750),(697,'Porto','Porto',509255310,2750),(698,'Porto','Porto',510148301,2750),(699,'Porto','Porto',513199560,2750),(700,'Porto','Porto',513435344,2750),(701,'Porto','Porto',513945342,2750),(702,'Porto','Porto',980566797,2750),(703,'Braga','Barral',507107381,2200),(704,'Braga','Braga',501854371,2200),(705,'Braga','Barral',507107381,2405),(706,'Braga','Braga',501854371,2405),(707,'Braga','Barral',507107381,3030),(708,'Braga','Braga',501854371,3030);
/*!40000 ALTER TABLE `sede_localidade` ENABLE KEYS */;
UNLOCK TABLES;

--
-- Table structure for table `seletiva`
--

DROP TABLE IF EXISTS `seletiva`;
/*!40101 SET @saved_cs_client     = @@character_set_client */;
/*!50503 SET character_set_client = utf8mb4 */;
CREATE TABLE `seletiva` (
  `id_seletiva` int(11) NOT NULL,
  `seletiva(100)` int(11) DEFAULT NULL,
  `seletiva(5)` int(11) DEFAULT NULL,
  `seletiva(nome)` varchar(45) DEFAULT NULL,
  PRIMARY KEY (`id_seletiva`)
) ENGINE=InnoDB DEFAULT CHARSET=utf8;
/*!40101 SET character_set_client = @saved_cs_client */;

--
-- Dumping data for table `seletiva`
--

LOCK TABLES `seletiva` WRITE;
/*!40000 ALTER TABLE `seletiva` DISABLE KEYS */;
INSERT INTO `seletiva` VALUES (500068801,20,1,'fugir'),(500074372,60,3,'intermédio'),(500366039,100,5,'excelente'),(501551557,0,0,'na'),(501573704,75,4,'bom'),(501774360,56,3,'intermédio'),(501854371,100,5,'excelente'),(501968326,0,0,'na'),(502064200,100,5,'excelente'),(502186771,0,0,'na'),(502443855,48,3,'intermédio'),(502479418,63,4,'bom'),(502829257,42,3,'intermédio'),(502980826,50,3,'intermédio'),(503222364,66,4,'bom'),(503412031,80,4,'bom'),(503470120,66,4,'bom'),(503502537,63,4,'bom'),(503541320,63,4,'bom'),(503670693,0,0,'na'),(503882887,66,4,'bom'),(503961175,0,0,'na'),(504079190,56,3,'intermédio'),(504150014,50,3,'intermédio'),(504272179,64,4,'bom'),(504551221,33,2,'pouco '),(504705610,100,5,'excelente'),(504727060,20,1,'fugir'),(504761013,0,0,'na'),(504825917,100,5,'excelente'),(504857312,56,3,'intermédio'),(505089971,0,0,'na'),(505107546,0,1,'fugir'),(505116812,70,4,'bom'),(505128985,61,4,'bom'),(505187299,0,0,'na'),(505205939,100,5,'excelente'),(505350173,50,3,'intermédio'),(505377691,0,0,'na'),(506176142,66,4,'bom'),(506204650,64,4,'bom'),(506305716,0,0,'na'),(506360237,80,4,'bom'),(506396010,65,4,'bom'),(507058917,100,5,'excelente'),(507107381,27,2,'pouco '),(507117336,50,3,'intermédio'),(507246152,100,5,'excelente'),(507291727,60,3,'intermédio'),(507431073,81,5,'excelente'),(507678672,0,0,'na'),(507969332,70,4,'bom'),(508069491,40,2,'pouco '),(508123585,33,2,'pouco '),(508202531,100,5,'excelente'),(508453488,50,3,'intermédio'),(508823617,41,3,'intermédio'),(508966752,52,3,'intermédio'),(509255310,33,2,'pouco '),(509364730,70,4,'bom'),(509834370,100,5,'excelente'),(510070833,75,4,'bom'),(510148301,24,2,'pouco '),(510303811,75,4,'bom'),(510336973,71,4,'bom'),(510480209,50,3,'intermédio'),(510722920,75,4,'bom'),(510728189,66,4,'bom'),(510830536,56,3,'intermédio'),(510852254,27,2,'pouco '),(513063145,65,4,'bom'),(513199560,46,3,'intermédio'),(513266488,20,1,'fugir'),(513418210,55,3,'intermédio'),(513435344,75,4,'bom'),(513945342,33,2,'pouco '),(514139927,64,4,'bom'),(980540488,0,0,'na'),(980566797,50,3,'intermédio'),(980595304,0,0,'na');
/*!40000 ALTER TABLE `seletiva` ENABLE KEYS */;
UNLOCK TABLES;

--
-- Table structure for table `taxarecomendacao`
--

DROP TABLE IF EXISTS `taxarecomendacao`;
/*!40101 SET @saved_cs_client     = @@character_set_client */;
/*!50503 SET character_set_client = utf8mb4 */;
CREATE TABLE `taxarecomendacao` (
  `id_taxa_recomendacao` int(11) NOT NULL,
  `taxa_recomendacao(100)` int(11) DEFAULT NULL,
  `taxa_recomendacao(5)` int(11) DEFAULT NULL,
  `taxa_recomendacao(nome)` varchar(45) DEFAULT NULL,
  PRIMARY KEY (`id_taxa_recomendacao`)
) ENGINE=InnoDB DEFAULT CHARSET=utf8;
/*!40101 SET character_set_client = @saved_cs_client */;

--
-- Dumping data for table `taxarecomendacao`
--

LOCK TABLES `taxarecomendacao` WRITE;
/*!40000 ALTER TABLE `taxarecomendacao` DISABLE KEYS */;
INSERT INTO `taxarecomendacao` VALUES (500068801,42,3,'intermédio'),(500074372,33,2,'pouco '),(500366039,100,5,'excelente'),(501551557,0,1,'fugir'),(501573704,80,4,'bom'),(501774360,63,4,'bom'),(501854371,100,5,'excelente'),(501968326,0,0,'na'),(502064200,0,0,'na'),(502186771,0,0,'na'),(502443855,23,2,'pouco '),(502479418,31,2,'pouco '),(502829257,71,4,'bom'),(502980826,50,3,'intermédio'),(503222364,55,3,'intermédio'),(503412031,40,2,'pouco '),(503470120,100,5,'excelente'),(503502537,31,2,'pouco '),(503541320,31,2,'pouco '),(503670693,0,0,'na'),(503882887,75,4,'bom'),(503961175,0,0,'na'),(504079190,63,4,'bom'),(504150014,0,1,'fugir'),(504272179,18,1,'fugir'),(504551221,57,3,'intermédio'),(504705610,71,4,'bom'),(504727060,0,0,'na'),(504761013,0,0,'na'),(504825917,100,5,'excelente'),(504857312,63,4,'bom'),(505089971,100,5,'excelente'),(505107546,100,5,'excelente'),(505116812,38,2,'pouco '),(505128985,40,2,'pouco '),(505187299,0,0,'na'),(505205939,0,0,'na'),(505350173,0,1,'fugir'),(505377691,0,0,'na'),(506176142,55,3,'intermédio'),(506204650,65,4,'bom'),(506305716,0,0,'na'),(506360237,66,4,'bom'),(506396010,18,1,'fugir'),(507058917,0,0,'na'),(507107381,60,3,'intermédio'),(507117336,100,5,'excelente'),(507246152,33,2,'pouco '),(507291727,31,2,'pouco '),(507431073,22,2,'pouco '),(507678672,100,5,'excelente'),(507969332,60,3,'intermédio'),(508069491,75,4,'bom'),(508123585,71,4,'bom'),(508202531,0,0,'na'),(508453488,54,3,'intermédio'),(508823617,100,5,'excelente'),(508966752,33,2,'pouco '),(509255310,75,4,'bom'),(509364730,14,1,'fugir'),(509834370,0,1,'fugir'),(510070833,100,5,'excelente'),(510148301,100,5,'excelente'),(510303811,20,1,'fugir'),(510336973,83,5,'excelente'),(510480209,40,2,'pouco '),(510722920,0,1,'fugir'),(510728189,0,1,'fugir'),(510830536,88,5,'excelente'),(510852254,80,4,'bom'),(513063145,66,4,'bom'),(513199560,72,4,'bom'),(513266488,0,1,'fugir'),(513418210,50,3,'intermédio'),(513435344,0,1,'fugir'),(513945342,57,3,'intermédio'),(514139927,65,4,'bom'),(980540488,0,0,'na'),(980566797,44,3,'intermédio'),(980595304,0,0,'na');
/*!40000 ALTER TABLE `taxarecomendacao` ENABLE KEYS */;
UNLOCK TABLES;

--
-- Table structure for table `teamlyzer`
--

DROP TABLE IF EXISTS `teamlyzer`;
/*!40101 SET @saved_cs_client     = @@character_set_client */;
/*!50503 SET character_set_client = utf8mb4 */;
CREATE TABLE `teamlyzer` (
  `idTeamlyzer` int(11) NOT NULL AUTO_INCREMENT,
  `tempo_entrevistas` time DEFAULT NULL,
  `horas_trabalhadas` time DEFAULT NULL,
  `Seletiva_id_seletiva` int(11) NOT NULL,
  `TaxaRecomendacao_id_taxa_recomendacao` int(11) NOT NULL,
  `MediaSalarial_id_media_salarial` int(11) NOT NULL,
  `Avalicao_id_Avalicao1` int(11) NOT NULL,
  `EquilibrioTrabalhoVida_id_equilibrio_trabalho_vida` int(11) NOT NULL,
  `Atrativa_id_atrativa` int(11) NOT NULL,
  `nif` int(11) DEFAULT NULL,
  PRIMARY KEY (`idTeamlyzer`),
  KEY `fk_Teamlyzer_Seletiva1_idx` (`Seletiva_id_seletiva`),
  KEY `fk_Teamlyzer_TaxaRecomendacao1_idx` (`TaxaRecomendacao_id_taxa_recomendacao`),
  KEY `fk_Teamlyzer_MediaSalarial1_idx` (`MediaSalarial_id_media_salarial`),
  KEY `fk_Teamlyzer_Avalicao1_idx` (`Avalicao_id_Avalicao1`),
  KEY `fk_Teamlyzer_EquilibrioTrabalhoVida1_idx` (`EquilibrioTrabalhoVida_id_equilibrio_trabalho_vida`),
  KEY `fk_Teamlyzer_Atrativa1_idx` (`Atrativa_id_atrativa`),
  CONSTRAINT `fk_Teamlyzer_Atrativa1` FOREIGN KEY (`Atrativa_id_atrativa`) REFERENCES `atrativa` (`id_atrativa`),
  CONSTRAINT `fk_Teamlyzer_Avalicao1` FOREIGN KEY (`Avalicao_id_Avalicao1`) REFERENCES `avaliacao` (`id_avaliacao`),
  CONSTRAINT `fk_Teamlyzer_EquilibrioTrabalhoVida1` FOREIGN KEY (`EquilibrioTrabalhoVida_id_equilibrio_trabalho_vida`) REFERENCES `equilibriotrabalhovida` (`id_equilibrio_trabalho_vida`),
  CONSTRAINT `fk_Teamlyzer_MediaSalarial1` FOREIGN KEY (`MediaSalarial_id_media_salarial`) REFERENCES `mediasalarial` (`id_media_salarial`),
  CONSTRAINT `fk_Teamlyzer_Seletiva1` FOREIGN KEY (`Seletiva_id_seletiva`) REFERENCES `seletiva` (`id_seletiva`),
  CONSTRAINT `fk_Teamlyzer_TaxaRecomendacao1` FOREIGN KEY (`TaxaRecomendacao_id_taxa_recomendacao`) REFERENCES `taxarecomendacao` (`id_taxa_recomendacao`)
) ENGINE=InnoDB AUTO_INCREMENT=81 DEFAULT CHARSET=utf8;
/*!40101 SET character_set_client = @saved_cs_client */;

--
-- Dumping data for table `teamlyzer`
--

LOCK TABLES `teamlyzer` WRITE;
/*!40000 ALTER TABLE `teamlyzer` DISABLE KEYS */;
INSERT INTO `teamlyzer` VALUES (1,'00:00:00','00:00:09',509834370,509834370,509834370,509834370,509834370,509834370,509834370),(2,'00:00:02','00:00:08',501573704,501573704,501573704,501573704,501573704,501573704,501573704),(3,'00:00:01','00:00:07',510303811,510303811,510303811,510303811,510303811,510303811,510303811),(4,'00:00:02','00:00:08',506176142,506176142,506176142,506176142,506176142,506176142,506176142),(5,'00:00:00','00:00:00',502186771,502186771,502186771,502186771,502186771,502186771,502186771),(6,'00:00:02','00:00:08',503222364,503222364,503222364,503222364,503222364,503222364,503222364),(7,'00:00:01','00:00:08',513418210,513418210,513418210,513418210,513418210,513418210,513418210),(8,'00:00:01','00:00:08',980566797,980566797,980566797,980566797,980566797,980566797,980566797),(9,'00:00:00','00:00:00',504727060,504727060,504727060,504727060,504727060,504727060,504727060),(10,'00:00:03','00:00:08',508069491,508069491,508069491,508069491,508069491,508069491,508069491),(11,'00:00:03','00:00:08',510148301,510148301,510148301,510148301,510148301,510148301,510148301),(12,'00:00:01','00:00:08',503502537,503502537,503502537,503502537,503502537,503502537,503502537),(13,'00:00:01','00:00:08',504857312,504857312,504857312,504857312,504857312,504857312,504857312),(14,'00:00:01','00:00:08',508966752,508966752,508966752,508966752,508966752,508966752,508966752),(15,'00:00:01','00:00:08',505350173,505350173,505350173,505350173,505350173,505350173,505350173),(16,'00:00:01','00:00:08',503541320,503541320,503541320,503541320,503541320,503541320,503541320),(17,'00:00:01','00:00:08',505205939,505205939,505205939,505205939,505205939,505205939,505205939),(18,'00:00:00','00:00:08',508823617,508823617,508823617,508823617,508823617,508823617,508823617),(19,'00:00:00','00:00:00',502064200,502064200,502064200,502064200,502064200,502064200,502064200),(20,'00:00:01','00:00:08',502479418,502479418,502479418,502479418,502479418,502479418,502479418),(21,'00:00:01','00:00:08',504705610,504705610,504705610,504705610,504705610,504705610,504705610),(22,'00:00:02','00:00:08',507291727,507291727,507291727,507291727,507291727,507291727,507291727),(23,'00:00:01','00:00:08',510728189,510728189,510728189,510728189,510728189,510728189,510728189),(24,'00:00:01','00:00:08',501774360,501774360,501774360,501774360,501774360,501774360,501774360),(25,'00:00:00','00:00:00',507431073,507431073,507431073,507431073,507431073,507431073,507431073),(26,'00:00:00','00:00:08',505107546,505107546,505107546,505107546,505107546,505107546,505107546),(27,'00:00:01','00:00:08',504079190,504079190,504079190,504079190,504079190,504079190,504079190),(28,'00:00:03','00:00:08',505089971,505089971,505089971,505089971,505089971,505089971,505089971),(29,'00:00:00','00:00:08',500068801,500068801,500068801,500068801,500068801,500068801,500068801),(30,'00:00:01','00:00:07',500074372,500074372,500074372,500074372,500074372,500074372,500074372),(31,'00:00:01','00:00:08',502829257,502829257,502829257,502829257,502829257,502829257,502829257),(32,'00:00:02','00:00:08',506204650,506204650,506204650,506204650,506204650,506204650,506204650),(33,'00:00:01','00:00:08',510830536,510830536,510830536,510830536,510830536,510830536,510830536),(34,'00:00:01','00:00:08',501551557,501551557,501551557,501551557,501551557,501551557,501551557),(35,'00:00:01','00:00:08',506396010,506396010,506396010,506396010,506396010,506396010,506396010),(36,'00:00:01','00:00:08',505116812,505116812,505116812,505116812,505116812,505116812,505116812),(37,'00:00:01','00:00:08',505128985,505128985,505128985,505128985,505128985,505128985,505128985),(38,'00:00:01','00:00:08',503882887,503882887,503882887,503882887,503882887,503882887,503882887),(39,'00:00:01','00:00:09',502443855,502443855,502443855,502443855,502443855,502443855,502443855),(40,'00:00:01','00:00:08',504272179,504272179,504272179,504272179,504272179,504272179,504272179),(41,'00:00:00','00:00:00',503670693,503670693,503670693,503670693,503670693,503670693,503670693),(42,'00:00:01','00:00:08',506360237,506360237,506360237,506360237,506360237,506360237,506360237),(43,'00:00:01','00:00:08',513945342,513945342,513945342,513945342,513945342,513945342,513945342),(44,'00:00:00','00:00:00',980595304,980595304,980595304,980595304,980595304,980595304,980595304),(45,'00:00:00','00:00:00',503961175,503961175,503961175,503961175,503961175,503961175,503961175),(46,'00:00:01','00:00:08',504551221,504551221,504551221,504551221,504551221,504551221,504551221),(47,'00:00:01','00:00:07',503412031,503412031,503412031,503412031,503412031,503412031,503412031),(48,'00:00:00','00:00:08',504150014,504150014,504150014,504150014,504150014,504150014,504150014),(49,'00:00:02','00:00:08',507117336,507117336,507117336,507117336,507117336,507117336,507117336),(50,'00:00:00','00:00:00',501968326,501968326,501968326,501968326,501968326,501968326,501968326),(51,'00:00:01','00:00:08',500366039,500366039,500366039,500366039,500366039,500366039,500366039),(52,'00:00:00','00:00:00',505187299,505187299,505187299,505187299,505187299,505187299,505187299),(53,'00:00:00','00:00:00',980540488,980540488,980540488,980540488,980540488,980540488,980540488),(54,'00:00:01','00:00:08',508453488,508453488,508453488,508453488,508453488,508453488,508453488),(55,'00:00:00','00:00:00',505377691,505377691,505377691,505377691,505377691,505377691,505377691),(56,'00:00:00','00:00:00',506305716,506305716,506305716,506305716,506305716,506305716,506305716),(57,'00:00:01','00:00:08',502980826,502980826,502980826,502980826,502980826,502980826,502980826),(58,'00:00:00','00:00:08',513435344,513435344,513435344,513435344,513435344,513435344,513435344),(59,'00:00:02','00:00:08',510480209,510480209,510480209,510480209,510480209,510480209,510480209),(60,'00:00:00','00:00:00',507058917,507058917,507058917,507058917,507058917,507058917,507058917),(61,'00:00:00','00:00:08',510852254,510852254,510852254,510852254,510852254,510852254,510852254),(62,'00:00:00','00:00:08',503470120,503470120,503470120,503470120,503470120,503470120,503470120),(63,'00:00:01','00:00:08',510722920,510722920,510722920,510722920,510722920,510722920,510722920),(64,'00:00:02','00:00:08',507246152,507246152,507246152,507246152,507246152,507246152,507246152),(65,'00:00:02','00:00:08',508123585,508123585,508123585,508123585,508123585,508123585,508123585),(66,'00:00:01','00:00:08',513199560,513199560,513199560,513199560,513199560,513199560,513199560),(67,'00:00:01','00:00:08',507969332,507969332,507969332,507969332,507969332,507969332,507969332),(68,'00:00:00','00:00:08',507678672,507678672,507678672,507678672,507678672,507678672,507678672),(69,'00:00:00','00:00:00',504761013,504761013,504761013,504761013,504761013,504761013,504761013),(70,'00:00:01','00:00:08',510070833,510070833,510070833,510070833,510070833,510070833,510070833),(71,'00:00:00','00:00:08',509255310,509255310,509255310,509255310,509255310,509255310,509255310),(72,'00:00:01','00:00:08',509364730,509364730,509364730,509364730,509364730,509364730,509364730),(73,'00:00:00','00:00:00',508202531,508202531,508202531,508202531,508202531,508202531,508202531),(74,'00:00:00','00:00:08',507107381,507107381,507107381,507107381,507107381,507107381,507107381),(75,'00:00:01','00:00:08',513063145,513063145,513063145,513063145,513063145,513063145,513063145),(76,'00:00:00','00:00:00',501854371,501854371,501854371,501854371,501854371,501854371,501854371),(77,'00:00:01','00:00:08',510336973,510336973,510336973,510336973,510336973,510336973,510336973),(78,'00:00:02','00:00:08',514139927,514139927,514139927,514139927,514139927,514139927,514139927),(79,'00:00:02','00:00:08',504825917,504825917,504825917,504825917,504825917,504825917,504825917),(80,'00:00:00','00:00:08',513266488,513266488,513266488,513266488,513266488,513266488,513266488);
/*!40000 ALTER TABLE `teamlyzer` ENABLE KEYS */;
UNLOCK TABLES;

--
-- Table structure for table `tecnologiasaplicadas`
--

DROP TABLE IF EXISTS `tecnologiasaplicadas`;
/*!40101 SET @saved_cs_client     = @@character_set_client */;
/*!50503 SET character_set_client = utf8mb4 */;
CREATE TABLE `tecnologiasaplicadas` (
  `id_tecnologias_aplicadas` int(11) NOT NULL AUTO_INCREMENT,
  `tecnologias` varchar(45) DEFAULT NULL,
  `nif` varchar(45) DEFAULT NULL,
  PRIMARY KEY (`id_tecnologias_aplicadas`)
) ENGINE=InnoDB AUTO_INCREMENT=129 DEFAULT CHARSET=utf8;
/*!40101 SET character_set_client = @saved_cs_client */;

--
-- Dumping data for table `tecnologiasaplicadas`
--

LOCK TABLES `tecnologiasaplicadas` WRITE;
/*!40000 ALTER TABLE `tecnologiasaplicadas` DISABLE KEYS */;
INSERT INTO `tecnologiasaplicadas` VALUES (1,'cloud','509834370'),(2,'java','509834370'),(3,'net','501573704'),(4,'java','501573704'),(5,'ios','510303811'),(6,'net','510303811'),(7,'javascript','506176142'),(8,'java','506176142'),(9,'javascript','503222364'),(10,'java','503222364'),(11,'java','513418210'),(12,'csharp','513418210'),(13,'prolog','980566797'),(14,'java','980566797'),(15,'php','508069491'),(16,'javascript','508069491'),(17,'javascript','510148301'),(18,'java','503502537'),(19,'csharp','503502537'),(20,'net','504857312'),(21,'sql','504857312'),(22,'net','508966752'),(23,'linux','508966752'),(24,'vmware','508966752'),(25,'javascript','508966752'),(26,'java','503541320'),(27,'csharp','503541320'),(28,'javascript','505205939'),(29,'java','505205939'),(30,'azure','508823617'),(31,'php','508823617'),(32,'java','502479418'),(33,'csharp','502479418'),(34,'outsystems','504705610'),(35,'java','504705610'),(36,'net','507291727'),(37,'java','507291727'),(38,'webapp','510728189'),(39,'net','501774360'),(40,'sql','501774360'),(41,'javascript','505107546'),(42,'java','505107546'),(43,'net','504079190'),(44,'sql','504079190'),(45,'java','505089971'),(46,'sql','505089971'),(47,'unix','500068801'),(48,'linux','500068801'),(49,'video','500074372'),(50,'ios','500074372'),(51,'project management','502829257'),(52,'excel','502829257'),(53,'outsystems','506204650'),(54,'java','506204650'),(55,'java','510830536'),(56,'sql','510830536'),(57,'oracle','501551557'),(58,'java','501551557'),(59,'php','506396010'),(60,'java','506396010'),(61,'oracle','505116812'),(62,'java','505116812'),(63,'outsystems','505128985'),(64,'java','505128985'),(65,'sap','503882887'),(66,'linux','503882887'),(67,'sap','502443855'),(68,'java','502443855'),(69,'net','504272179'),(70,'java','504272179'),(71,'oracle','506360237'),(72,'linux','506360237'),(73,'cplus','513945342'),(74,'scripting','513945342'),(75,'net','504551221'),(76,'java','504551221'),(77,'azure','503412031'),(78,'python','503412031'),(79,'net','504150014'),(80,'database','507117336'),(81,'sql','507117336'),(82,'java','500366039'),(83,'tomcat','500366039'),(84,'webapp','508453488'),(85,'java','508453488'),(86,'javascript','502980826'),(87,'java','502980826'),(88,'java','513435344'),(89,'sql','513435344'),(90,'csharp','510480209'),(91,'sql','510480209'),(92,'javascript','510852254'),(93,'python','510852254'),(94,'unix','503470120'),(95,'sql','503470120'),(96,'database','510722920'),(97,'csharp','507246152'),(98,'sql','507246152'),(99,'outsystems','508123585'),(100,'net','508123585'),(101,'net','513199560'),(102,'java','513199560'),(103,'net','507969332'),(104,'javascript','507969332'),(105,'javascript','513214399'),(106,'java','513214399'),(107,'erp','507678672'),(108,'sql','507678672'),(109,'angularjs','510070833'),(110,'mysql','510070833'),(111,'linux','509255310'),(112,'cplus','509255310'),(113,'javascript','509364730'),(114,'java','509364730'),(115,'javascript','507107381'),(116,'java','507107381'),(117,'java','513063145'),(118,'sql','513063145'),(119,'net','501854371'),(120,'sql-server','501854371'),(121,'javascript','510336973'),(122,'java','510336973'),(123,'outsystems','514139927'),(124,'java','514139927'),(125,'javascript','504825917'),(126,'java','504825917'),(127,'gwt','513266488'),(128,'java','513266488');
/*!40000 ALTER TABLE `tecnologiasaplicadas` ENABLE KEYS */;
UNLOCK TABLES;

--
-- Table structure for table `tecnologiasaplicadashasteamlyzer`
--

DROP TABLE IF EXISTS `tecnologiasaplicadashasteamlyzer`;
/*!40101 SET @saved_cs_client     = @@character_set_client */;
/*!50503 SET character_set_client = utf8mb4 */;
CREATE TABLE `tecnologiasaplicadashasteamlyzer` (
  `Teamlyzer_idTeamlyzer` int(11) NOT NULL,
  `TecnologiasAplicadas_id_tecnologias_aplicadas` int(11) NOT NULL,
  KEY `fk_TecnologiasAplicadasHasTeamlyzer_Teamlyzer1_idx` (`Teamlyzer_idTeamlyzer`),
  KEY `fk_TecnologiasAplicadasHasTeamlyzer_TecnologiasAplicadas1_idx` (`TecnologiasAplicadas_id_tecnologias_aplicadas`),
  CONSTRAINT `fk_TecnologiasAplicadasHasTeamlyzer_Teamlyzer1` FOREIGN KEY (`Teamlyzer_idTeamlyzer`) REFERENCES `teamlyzer` (`idTeamlyzer`),
  CONSTRAINT `fk_TecnologiasAplicadasHasTeamlyzer_TecnologiasAplicadas1` FOREIGN KEY (`TecnologiasAplicadas_id_tecnologias_aplicadas`) REFERENCES `tecnologiasaplicadas` (`id_tecnologias_aplicadas`)
) ENGINE=InnoDB DEFAULT CHARSET=utf8;
/*!40101 SET character_set_client = @saved_cs_client */;

--
-- Dumping data for table `tecnologiasaplicadashasteamlyzer`
--

LOCK TABLES `tecnologiasaplicadashasteamlyzer` WRITE;
/*!40000 ALTER TABLE `tecnologiasaplicadashasteamlyzer` DISABLE KEYS */;
/*!40000 ALTER TABLE `tecnologiasaplicadashasteamlyzer` ENABLE KEYS */;
UNLOCK TABLES;
/*!40103 SET TIME_ZONE=@OLD_TIME_ZONE */;

/*!40101 SET SQL_MODE=@OLD_SQL_MODE */;
/*!40014 SET FOREIGN_KEY_CHECKS=@OLD_FOREIGN_KEY_CHECKS */;
/*!40014 SET UNIQUE_CHECKS=@OLD_UNIQUE_CHECKS */;
/*!40101 SET CHARACTER_SET_CLIENT=@OLD_CHARACTER_SET_CLIENT */;
/*!40101 SET CHARACTER_SET_RESULTS=@OLD_CHARACTER_SET_RESULTS */;
/*!40101 SET COLLATION_CONNECTION=@OLD_COLLATION_CONNECTION */;
/*!40111 SET SQL_NOTES=@OLD_SQL_NOTES */;

-- Dump completed on 2020-03-02 23:38:42
